Rank,TeamId,TeamName,LastSubmissionDate,Score,SubmissionCount,TeamMemberUserNames,Scrape_Time_UTC
1,16674959,Brandon Low,2026-08-10 12:46:30,0.942,21,zxkyouma,2026-08-10 18:11:42
2,16679386,Pizza Boy,2026-08-10 00:00:05,0.94,16,pizzaboythe3rd,2026-08-10 18:11:42
3,16687458,JOLEE,2026-08-09 10:56:56,0.938,2,leejung209,2026-08-10 18:11:42
4,16677738,Lukas Nissen Molvær,2026-08-09 18:44:11,0.934,2,lukasnissenmolvr,2026-08-10 18:11:42
5,16679645,qkrtkddnjs,2026-08-09 05:30:22,0.93,8,qwrfsdr,2026-08-10 18:11:42
6,16674421,all you need is VRAM,2026-08-09 22:30:32,0.928,9,grennwolf,2026-08-10 18:11:42
7,16679132,Ignat,2026-08-10 07:38:24,0.928,11,ignatgotin,2026-08-10 18:11:42
8,16685295,Dominik 🇵🇱,2026-08-10 16:16:47,0.927,11,dudzia,2026-08-10 18:11:42
9,16671004,Aastik Rajan15,2026-08-10 05:19:07,0.927,10,aastikrajan15,2026-08-10 18:11:42
10,16668929,kaggle & graduate trade-off,2026-08-10 04:02:28,0.926,9,"chengtingyi,ggayoayogg,p4rallax",2026-08-10 18:11:42
11,16685131,jcrudy,2026-08-10 05:09:59,0.925,7,jcrudy,2026-08-10 18:11:42
12,16683099,John Park,2026-08-10 02:47:44,0.924,15,sigint,2026-08-10 18:11:42
13,16692318,redblackberry,2026-08-10 11:48:13,0.923,4,redblackberry,2026-08-10 18:11:42
14,16684062,Raihan,2026-08-10 11:22:18,0.923,3,raihanjs,2026-08-10 18:11:42
15,16669560,Mehmet Özer,2026-08-10 06:01:58,0.923,12,ozermehmet,2026-08-10 18:11:42
16,16680000,Daaky,2026-08-09 23:56:11,0.922,3,akihikowada,2026-08-10 18:11:42
17,16686442,Amal Saad Alshehri,2026-08-10 10:29:21,0.92,4,amalalshehri,2026-08-10 18:11:42
18,16683744,codex rybaka,2026-08-10 13:21:13,0.919,8,yuriplot,2026-08-10 18:11:42
19,16679219,YassY_The_AlchemYst,2026-08-10 11:19:55,0.919,6,yassineelhallaoui,2026-08-10 18:11:42
20,16675117,jimmyYang1016,2026-08-10 12:28:16,0.919,12,jimmyyang1016,2026-08-10 18:11:42
21,16687973,CloseAI,2026-08-10 15:12:44,0.918,5,"devansh26,liaoyixu",2026-08-10 18:11:42
22,16673578,ji-ma,2026-08-09 18:13:47,0.918,8,nkjima,2026-08-10 18:11:42
23,16674635,Sebastian Mondragon,2026-08-10 16:24:56,0.916,3,basmondragon,2026-08-10 18:11:42
24,16672052,James Y,2026-08-08 22:53:30,0.914,3,redoctopusk,2026-08-10 18:11:42
25,16668884,Tony Li,2026-08-10 15:51:13,0.914,18,tonylica,2026-08-10 18:11:42
26,16686656,darijan,2026-08-10 17:10:29,0.914,5,darijan,2026-08-10 18:11:42
27,16672669,1c,2026-08-10 01:24:18,0.913,5,rian55,2026-08-10 18:11:42
28,16670829,Subin An,2026-08-10 08:09:35,0.912,16,subinium,2026-08-10 18:11:42
29,16682597,Sida Zuo,2026-08-09 12:13:16,0.911,4,sidazuo,2026-08-10 18:11:42
30,16669009,Roman,2026-08-10 06:54:53,0.911,5,"paulehrlich99,romanvuskov",2026-08-10 18:11:42
31,16682810,Jazztarou,2026-08-09 17:29:41,0.909,3,jazztarou,2026-08-10 18:11:42
32,16670732,Pilkwang Kim,2026-08-10 12:12:01,0.909,8,pilkwang,2026-08-10 18:11:42
33,16669964,bai2ertwo,2026-08-10 14:14:20,0.909,10,bai2ertwo,2026-08-10 18:11:42
34,16670265,Shun Kuraishi,2026-08-10 12:11:52,0.908,8,shunkuraishi,2026-08-10 18:11:42
35,16683273,Andy Xu,2026-08-10 06:07:44,0.907,3,ayzxu8,2026-08-10 18:11:42
36,16682570,Pirhosseinlou,2026-08-10 10:07:46,0.907,3,pirhosseinlou,2026-08-10 18:11:42
37,16672118,SeaGoat,2026-08-09 20:12:21,0.907,4,vbandaru,2026-08-10 18:11:42
38,16677043,prvsiyan,2026-08-10 07:09:56,0.906,17,prvsiyan,2026-08-10 18:11:42
39,16682243,Резван Гатауллин,2026-08-09 11:44:21,0.905,5,rezvangataullin,2026-08-10 18:11:42
40,16687712,Romain Hardy,2026-08-09 22:42:32,0.905,3,romainhardy,2026-08-10 18:11:42
41,16684974,Atharv Sharma,2026-08-09 21:32:13,0.905,1,atharvsharma,2026-08-10 18:11:42
42,16669895,Volkopat,2026-08-09 16:56:04,0.905,8,volkopat,2026-08-10 18:11:42
43,16695475,kluless,2026-08-10 03:48:16,0.905,3,kluless,2026-08-10 18:11:42
44,16689785,D-Rose's Left ACL,2026-08-10 16:15:03,0.905,6,"alantanfeng,ricecakar,willchub",2026-08-10 18:11:42
45,16691239,Tom Aindow,2026-08-10 09:21:38,0.904,5,taindow,2026-08-10 18:11:42
46,16680059,Zhizhou Sha,2026-08-10 12:14:34,0.904,11,zhizhousha,2026-08-10 18:11:42
47,16685446,John A M Beltran,2026-08-10 09:58:15,0.904,3,johnambeltran,2026-08-10 18:11:42
48,16680443,Scott Willis,2026-08-10 05:45:50,0.903,13,scottgwillis,2026-08-10 18:11:42
49,16693127,Dylan Hogarth,2026-08-10 17:07:01,0.903,6,dylanhogarth,2026-08-10 18:11:42
50,16680216,JunHwanKwon,2026-08-10 13:08:13,0.903,9,gr0442,2026-08-10 18:11:42
51,16687097,Yash Bishnoi,2026-08-08 22:11:20,0.903,2,yashbishnoi98,2026-08-10 18:11:42
52,16677780,Apoorv Saraogee,2026-08-10 16:21:43,0.903,14,apoorvsara,2026-08-10 18:11:42
53,16670470,Homin Park,2026-08-10 12:58:27,0.903,3,powersimmani,2026-08-10 18:11:42
54,16669175,Tucker Arrants,2026-08-10 15:23:13,0.902,6,tuckerarrants,2026-08-10 18:11:42
55,16679020,Ibrahem-A163,2026-08-10 12:11:33,0.902,11,ibrahema163,2026-08-10 18:11:42
56,16690196,Yusaku Muroya,2026-08-10 09:26:36,0.902,7,ymuroya47,2026-08-10 18:11:42
57,16679304,kevin zhou,2026-08-09 09:22:36,0.902,7,"kevinzhou66,kylahcodes",2026-08-10 18:11:42
58,16689838,t2better,2026-08-10 05:34:31,0.902,8,t2better,2026-08-10 18:11:42
59,16679280,Xie-Eze,2026-08-10 09:25:33,0.902,8,xieeze,2026-08-10 18:11:42
60,16691894,Aditya #4,2026-08-10 04:06:34,0.901,2,adyprat,2026-08-10 18:11:42
61,16679583,Marcin Jarosz,2026-08-10 15:48:40,0.901,9,mjarosz,2026-08-10 18:11:42
62,16669082,Manan Gupta,2026-08-07 05:29:38,0.901,15,obirdy,2026-08-10 18:11:42
63,16692715,Catalin Butacu,2026-08-10 15:02:50,0.9,9,catalinbutacu,2026-08-10 18:11:42
64,16670707,"Sho Okiyama M.D., Aillis CEO",2026-08-10 13:13:15,0.9,22,shookiyama,2026-08-10 18:11:42
65,16678099,Jack Cole,2026-08-10 16:55:56,0.9,20,jcole75,2026-08-10 18:11:42
66,16672967,xnx,2026-08-10 13:18:15,0.9,12,yuheikoike,2026-08-10 18:11:42
67,16675482,Harri Somakanthan,2026-08-10 09:48:41,0.9,21,harriwashere,2026-08-10 18:11:42
68,16686351,Henrique Viana,2026-08-10 12:15:52,0.9,5,h03v25,2026-08-10 18:11:42
69,16680219,HiroyukiSasaki,2026-08-10 11:16:50,0.9,7,hiroyukisasaki815,2026-08-10 18:11:42
70,16670357,OverfitOracle is all you need,2026-08-10 13:05:27,0.9,12,"alisalmanrana,kimura0415,shiru2",2026-08-10 18:11:42
71,16668917,Filip Strzałka,2026-08-10 05:57:50,0.899,16,snufkin77,2026-08-10 18:11:42
72,16671735,lin xiang sun1145,2026-08-10 13:36:18,0.899,15,linxiangsun1145,2026-08-10 18:11:42
73,16685529,Ehowtan,2026-08-10 13:49:17,0.899,12,ehowtan,2026-08-10 18:11:42
74,16671624,dutzc,2026-08-10 06:34:22,0.899,15,"lntuzhaochen,simanli627,youleme",2026-08-10 18:11:42
75,16683177,Salem Ali,2026-08-10 14:29:59,0.899,16,salemali7,2026-08-10 18:11:42
76,16678239,ASHUTOSH2914,2026-08-10 12:28:26,0.899,8,ashutosh2914,2026-08-10 18:11:42
77,16670359,ömer kiraz,2026-08-10 09:59:19,0.899,15,merkiraz,2026-08-10 18:11:42
78,16694530,Killer Coder,2026-08-10 12:02:14,0.899,10,killercoder,2026-08-10 18:11:42
79,16678722,"Seok, Jeongeum",2026-08-10 15:04:07,0.899,15,seokjeongeum,2026-08-10 18:11:42
80,16693381,souju00,2026-08-10 01:45:22,0.899,6,souju00,2026-08-10 18:11:42
81,16698224,Feng Jiahui,2026-08-10 15:01:09,0.899,3,junipersky,2026-08-10 18:11:42
82,16679396,Ben Pepper,2026-08-10 12:07:24,0.899,13,bhpepper,2026-08-10 18:11:42
83,16674931,Krazy KIller,2026-08-10 05:48:27,0.899,24,"dimaspashaakrilian,nxtirfan",2026-08-10 18:11:42
84,16672645,CuteClaw,2026-08-10 00:09:47,0.899,21,bloodmoonwq,2026-08-10 18:11:42
85,16670897,Surya milenial,2026-08-10 10:15:08,0.899,25,suryamilenial,2026-08-10 18:11:42
86,16670334,Mohamed Amine Aichaoui,2026-08-10 13:28:16,0.899,6,mohamedamineaichaoui,2026-08-10 18:11:42
87,16684460,Abnormal Man,2026-08-10 06:47:21,0.899,9,"aadigupta7686,koushikrudra",2026-08-10 18:11:42
88,16675709,Neko,2026-08-10 12:23:57,0.899,9,ootake,2026-08-10 18:11:42
89,16683880,Yvonne.,2026-08-09 11:12:42,0.899,9,zdawer250,2026-08-10 18:11:42
90,16684817,Adarsh,2026-08-09 11:16:53,0.899,4,"akhilbh10,madarshbb",2026-08-10 18:11:42
91,16670461,Terry Benjamin Jr,2026-08-10 04:38:33,0.899,18,terrybenjaminjr,2026-08-10 18:11:42
92,16676582,yukiZ,2026-08-10 05:10:34,0.899,6,hideyukizushi,2026-08-10 18:11:42
93,16695295,A Aswanth Raj,2026-08-09 12:08:27,0.899,1,aaswanthraj,2026-08-10 18:11:42
94,16695646,kwon yong deuk,2026-08-09 20:50:04,0.899,5,kwonyongdeuk,2026-08-10 18:11:42
95,16694780,hotaq,2026-08-09 12:40:48,0.899,2,chinnaphatkhun,2026-08-10 18:11:42
96,16685211,panda__MB__maximus,2026-08-09 13:28:46,0.899,1,tanishmohokar09,2026-08-10 18:11:42
97,16669515,Shubham Sahu,2026-08-09 14:04:23,0.899,3,shubhamsahu2003,2026-08-10 18:11:42
98,16691211,Enma,2026-08-09 14:40:48,0.899,4,tupakulasivashankar,2026-08-10 18:11:42
99,16673007,Mathurin Ache,2026-08-09 14:42:33,0.899,6,mathurinache,2026-08-10 18:11:42
100,16696293,today,2026-08-09 14:43:29,0.899,1,today55,2026-08-10 18:11:42
101,16671317,StephenNedumpally,2026-08-09 17:53:14,0.899,12,stephennedumpally,2026-08-10 18:11:42
102,16669684,Kumar Abhijeet,2026-08-09 20:29:23,0.899,4,krabhijeet,2026-08-10 18:11:42
103,16675971,Amil Gentili,2026-08-09 20:41:52,0.899,3,agentili,2026-08-10 18:11:42
104,16680145,AM,2026-08-10 01:49:48,0.899,4,adammekky,2026-08-10 18:11:42
105,16681260,daoviet,2026-08-10 04:11:09,0.899,13,daoviet,2026-08-10 18:11:42
106,16677191,Ieshan Meghani,2026-08-10 05:51:40,0.899,5,ieshanmeghani,2026-08-10 18:11:42
107,16682873,生如夏花,2026-08-10 15:03:52,0.899,17,"duoliya,linyeping,sereinovov,wangying2026",2026-08-10 18:11:42
108,16671228,Jeki Wan Taufik,2026-08-10 02:47:27,0.899,8,jek1wantaufik,2026-08-10 18:11:42
109,16691637,Aqib Raza,2026-08-10 03:16:49,0.899,1,aqibrazadev,2026-08-10 18:11:42
110,16678066,Hossein,2026-08-10 03:28:49,0.899,4,tomi85,2026-08-10 18:11:42
111,16698921,Minh Thien,2026-08-10 06:25:39,0.899,1,wolfoo,2026-08-10 18:11:42
112,16675592,Bright O.H.,2026-08-10 07:27:23,0.899,3,brightoh,2026-08-10 18:11:42
113,16671902,Prateek Gupta,2026-08-10 07:46:31,0.899,9,iamprateek,2026-08-10 18:11:42
114,16699397,hamdi mohamed,2026-08-10 08:03:50,0.899,1,hamdimohamed22,2026-08-10 18:11:42
115,16687361,Sakhawat Hossen,2026-08-10 08:46:54,0.899,4,sakhawathossen,2026-08-10 18:11:42
116,16698259,Outlier,2026-08-10 09:13:30,0.899,1,"hyunseop1,jep0805",2026-08-10 18:11:42
117,16697990,Yunus Gümüşsoy,2026-08-10 11:16:48,0.899,2,yunusgmsoy,2026-08-10 18:11:42
118,16697242,Dev Parikh,2026-08-10 11:55:05,0.899,1,molaritydev09,2026-08-10 18:11:42
119,16689280,SELEKTED GUYS,2026-08-10 12:23:50,0.899,2,"hseyinbayolu,yusufaliselek",2026-08-10 18:11:42
120,16673922,Lixin73,2026-08-10 12:27:55,0.899,15,lixin73,2026-08-10 18:11:42
121,16701170,Rishi Arora,2026-08-10 12:36:07,0.899,1,rishiarora0,2026-08-10 18:11:42
122,16669091,Akhilesh godugu,2026-08-10 12:37:53,0.899,20,akhileshgodugu,2026-08-10 18:11:42
123,16700756,NaomiFridman,2026-08-10 12:40:41,0.899,1,ripcurl,2026-08-10 18:11:42
124,16676000,KAIWALYA RAUT,2026-08-10 12:49:42,0.899,5,kaiwalyaatulraut,2026-08-10 18:11:42
125,16675588,patnaik18,2026-08-10 13:03:28,0.899,1,patnaik18,2026-08-10 18:11:42
126,16701321,Kayven,2026-08-10 14:46:55,0.899,3,kayven,2026-08-10 18:11:42
127,16683776,OzanM.,2026-08-10 13:39:03,0.899,11,analyticaobscura,2026-08-10 18:11:42
128,16673118,Calaweh,2026-08-10 13:47:11,0.899,3,likhuiwee,2026-08-10 18:11:42
129,16690132,Vanshika,2026-08-10 14:01:44,0.899,1,crystalbaby,2026-08-10 18:11:42
130,16671192,Kyle Wang,2026-08-10 14:30:34,0.899,22,ky1ewan9,2026-08-10 18:11:42
131,16672513,Jordi Corbilla,2026-08-10 15:43:14,0.899,6,jordicorbilla,2026-08-10 18:11:42
132,16682972,yuki16,2026-08-10 14:41:55,0.899,11,yuki16,2026-08-10 18:11:42
133,16690364,AnyTeam,2026-08-10 14:54:27,0.899,7,"beratkirbiyik,maksutopurolu",2026-08-10 18:11:42
134,16683139,Dhruv Arora,2026-08-10 15:02:47,0.899,3,dhruvarora07,2026-08-10 18:11:42
135,16701949,Braedyn  ,2026-08-10 15:38:06,0.899,1,braedyn123413,2026-08-10 18:11:42
136,16669023,Md. Hamid Hosen,2026-08-10 16:11:08,0.899,9,hosen42,2026-08-10 18:11:42
137,16681233,Fususu,2026-08-10 04:30:39,0.899,16,phuongncn,2026-08-10 18:11:42
138,16678140,Varshinir.dcv,2026-08-10 05:14:02,0.899,2,varshinirdcv,2026-08-10 18:11:42
139,16671701,Hồng Bảo Đoàn,2026-08-10 05:51:17,0.899,7,hngboon,2026-08-10 18:11:42
140,16680608,Steven,2026-08-10 11:46:56,0.899,3,stevenpp,2026-08-10 18:11:42
141,16676837,Dennis,2026-08-10 16:30:53,0.899,3,dennisfong,2026-08-10 18:11:42
142,16700679,cyberia,2026-08-10 10:57:43,0.899,1,cyberia,2026-08-10 18:11:42
143,16697840,Daniel solo,2026-08-10 07:24:32,0.899,3,danielsolo1770,2026-08-10 18:11:42
144,16681839,pritom2357,2026-08-10 07:13:09,0.899,3,pritom2357,2026-08-10 18:11:42
145,16684961,Michael Cardoza,2026-08-10 12:37:49,0.899,10,michaelcardoza,2026-08-10 18:11:42
146,16669710,FOYSAL,2026-08-10 03:30:32,0.899,12,foysalemonshanto,2026-08-10 18:11:42
147,16670402,kglctf,2026-08-10 05:56:00,0.899,30,kglctf,2026-08-10 18:11:42
148,16672675,Pavlo Ivanin,2026-08-10 08:20:07,0.899,6,pavloivanin,2026-08-10 18:11:42
149,16668886,Octavi Grau,2026-08-10 10:21:22,0.899,4,octaviograu,2026-08-10 18:11:42
150,16701224,Polarchit,2026-08-10 13:03:22,0.899,1,polarchit,2026-08-10 18:11:42
151,16669187,Knee Knight,2026-08-09 13:28:11,0.899,2,oakaroo,2026-08-10 18:11:42
152,16687713,kingslayer778,2026-08-09 17:45:57,0.899,10,kingslayer778,2026-08-10 18:11:42
153,16669367,Gengsr,2026-08-09 13:59:37,0.899,11,gengsr,2026-08-10 18:11:42
154,16683993,Utomo Abimail,2026-08-09 14:34:08,0.899,6,utomoabimail,2026-08-10 18:11:42
155,16689982,Mitudru Dutta,2026-08-09 14:41:08,0.899,1,mitudru,2026-08-10 18:11:42
156,16682563,Utkarsh Prakash Srivastava,2026-08-09 14:41:43,0.899,5,utkarshps,2026-08-10 18:11:42
157,16693474,Bocen Li,2026-08-09 16:22:45,0.899,2,bocenli,2026-08-10 18:11:42
158,16671966,deepresearcher08,2026-08-10 09:23:45,0.899,3,deepresearcher08,2026-08-10 18:11:42
159,16674749,PavelLiashkov,2026-08-09 16:50:08,0.899,12,bigbag1983,2026-08-10 18:11:42
160,16697049,Jubaer,2026-08-09 17:02:09,0.899,1,jubaer36,2026-08-10 18:11:42
161,16696343,Kelvin Stephan,2026-08-10 00:26:57,0.899,2,kelvinstephan,2026-08-10 18:11:42
162,16670382,github/shepsci/kaggle-skill,2026-08-10 13:01:30,0.899,7,shepscientific,2026-08-10 18:11:42
163,16697091,DR_Mkelvo,2026-08-10 13:24:55,0.899,4,drmkelvo,2026-08-10 18:11:42
164,16669213,Kunal Aarse,2026-08-09 17:46:51,0.899,2,kunalinfinite,2026-08-10 18:11:42
165,16676785,good question,2026-08-09 18:14:48,0.899,4,"cakiki,leakabjesz",2026-08-10 18:11:42
166,16697579,kkkk,2026-08-09 18:31:17,0.899,1,gaopengren,2026-08-10 18:11:42
167,16670373,Emre Cirak,2026-08-09 18:38:52,0.899,10,biohack44,2026-08-10 18:11:42
168,16670471,dataset della mamma,2026-08-09 18:44:37,0.899,14,nicolascayuela9,2026-08-10 18:11:42
169,16682698,Imaad Fazal,2026-08-09 19:06:40,0.899,8,imaadfazal,2026-08-10 18:11:42
170,16697372,wmh0331,2026-08-10 06:46:58,0.899,2,wmh0331,2026-08-10 18:11:42
171,16669302,Lonnie,2026-08-09 19:44:50,0.899,1,lonnieqin,2026-08-10 18:11:42
172,16676800,ShiyiLIN0922,2026-08-09 22:07:02,0.899,12,shiyilin0922,2026-08-10 18:11:42
173,16697671,Ash0666,2026-08-10 13:21:46,0.899,3,ash0666,2026-08-10 18:11:42
174,16697988,Chloe,2026-08-09 21:40:31,0.899,2,baytree1238,2026-08-10 18:11:42
175,16675119,Karim Fadi,2026-08-10 10:24:17,0.899,8,karimfadi,2026-08-10 18:11:42
176,16692467,tomo11111,2026-08-09 21:59:43,0.899,5,tomo11111,2026-08-10 18:11:42
177,16670531,Santiago Maniches,2026-08-09 22:11:51,0.899,1,santmani,2026-08-10 18:11:42
178,16670330,Lamine Yamal,2026-08-09 22:28:41,0.899,7,ermanman,2026-08-10 18:11:42
179,16687845,Adrian Dubois,2026-08-09 23:19:44,0.899,1,adriandubois,2026-08-10 18:11:42
180,16698110,H. Emir Can,2026-08-10 12:10:35,0.899,3,aerospacer,2026-08-10 18:11:42
181,16672442,Loren-wen,2026-08-10 00:25:42,0.899,5,wofusituerte,2026-08-10 18:11:42
182,16692154,ThomasG,2026-08-10 00:48:52,0.899,2,thomasgamet,2026-08-10 18:11:42
183,16671616,Eric Han Wang,2026-08-10 00:56:16,0.899,14,ericwang03,2026-08-10 18:11:42
184,16678059,Sushanth Tiruvaipati,2026-08-10 02:08:15,0.899,22,sushanthtiruvaipati,2026-08-10 18:11:42
185,16695892,Mingkang YAN,2026-08-10 01:53:02,0.899,10,mingkangyan,2026-08-10 18:11:42
186,16694641,Sébastien MATHIEU,2026-08-10 08:19:22,0.899,2,negtitep,2026-08-10 18:11:42
187,16680534,HongyuChen123321,2026-08-10 02:13:56,0.899,2,hongyuchen123321,2026-08-10 18:11:42
188,16698203,write_jade,2026-08-10 10:05:32,0.899,2,writejade,2026-08-10 18:11:42
189,16670756,YERMES AMINE,2026-08-10 07:38:34,0.899,15,yermes,2026-08-10 18:11:42
190,16692434,MiladJalali007,2026-08-10 15:48:59,0.899,9,miladjalali007,2026-08-10 18:11:42
191,16689683,Jang Singh,2026-08-10 16:45:54,0.899,11,jangsingh,2026-08-10 18:11:42
192,16669055,DECEM,2026-08-10 12:01:21,0.899,9,zy1343930734,2026-08-10 18:11:42
193,16677394,Akhyar,2026-08-09 18:00:52,0.899,12,akhyar2612,2026-08-10 18:11:42
194,16675212,Denis Rukavishnikov,2026-08-09 15:00:06,0.898,16,denisrukavishnikov,2026-08-10 18:11:42
195,16693901,Charles Savas,2026-08-10 13:57:06,0.898,2,charlessavas,2026-08-10 18:11:42
196,16676303,Ali Alghaithi,2026-08-10 01:39:04,0.898,18,alioman,2026-08-10 18:11:42
197,16682468,Yash Gandhe,2026-08-09 12:11:07,0.898,7,yashgandhe,2026-08-10 18:11:42
198,16678306,Abdessamed Zetroni,2026-08-09 20:19:20,0.898,7,abdessamedzetroni,2026-08-10 18:11:42
199,16684699,Kun Zhang,2026-08-09 07:36:41,0.897,5,beicicc,2026-08-10 18:11:42
200,16671570,Arunodhayan,2026-08-10 11:05:04,0.897,10,arunodhayan,2026-08-10 18:11:42
201,16670704,john,2026-08-09 12:43:00,0.897,4,jaejohn,2026-08-10 18:11:42
202,16690538,im_justmatthew,2026-08-10 09:14:09,0.897,6,imjustmatthew,2026-08-10 18:11:42
203,16670613,moda,2026-08-09 10:30:59,0.897,2,kouheinoda,2026-08-10 18:11:42
204,16671568,renta.k,2026-08-09 11:02:45,0.897,20,renta0426,2026-08-10 18:11:42
205,16669455,Erfan Mirhosseini,2026-08-09 12:49:43,0.897,11,erfanmirhosseini,2026-08-10 18:11:42
206,16669050,Efthimios,2026-08-09 16:43:34,0.897,6,efthimiosfousekis,2026-08-10 18:11:42
207,16671195,Alissa King,2026-08-09 05:39:44,0.897,2,alissaking,2026-08-10 18:11:42
208,16671772,xsong2020,2026-08-09 06:27:45,0.897,2,xstargate,2026-08-10 18:11:42
209,16671101,Jiachen Li,2026-08-09 08:13:44,0.897,9,llccqq624,2026-08-10 18:11:42
210,16690094,Keredu,2026-08-09 09:06:03,0.897,10,keredu,2026-08-10 18:11:42
211,16695350,Lu Mingming,2026-08-09 11:30:03,0.897,2,mming0430,2026-08-10 18:11:42
212,16695603,pinecone,2026-08-09 12:30:45,0.897,2,kimpinecone,2026-08-10 18:11:42
213,16684558,Jimkom,2026-08-09 19:21:35,0.897,1,jamesmukoma,2026-08-10 18:11:42
214,16680487,NGUYỄN VĂN QUANG TRƯỜNG,2026-08-10 04:48:36,0.897,3,nguynvnquangtrng,2026-08-10 18:11:42
215,16686326,Mursal Gorchuyev,2026-08-10 12:57:18,0.897,2,mursalgorchuyev,2026-08-10 18:11:42
216,16669328,Kita Renji,2026-08-09 09:04:38,0.896,2,champpattara,2026-08-10 18:11:42
217,16693812,WangXuC,2026-08-09 05:15:27,0.896,1,wangxuc,2026-08-10 18:11:42
218,16693874,yeh shibang,2026-08-09 08:30:13,0.896,2,yehshibang,2026-08-10 18:11:42
219,16669480,Kumaran K,2026-08-09 10:58:09,0.896,15,kumarandatascientist,2026-08-10 18:11:42
220,16670630,YT,2026-08-10 14:11:51,0.896,9,"takeharuyoshikawa,yosukeyama",2026-08-10 18:11:42
221,16694263,Toru59er,2026-08-09 07:13:37,0.896,1,toru59er,2026-08-10 18:11:42
222,16680554,MANAS NARKAR,2026-08-09 11:50:06,0.896,11,manasnarkar,2026-08-10 18:11:42
223,16692015,mgt127,2026-08-09 07:33:05,0.896,1,mgt127,2026-08-10 18:11:42
224,16682811,Cam-Luan Truong,2026-08-09 08:58:09,0.896,3,luantruong,2026-08-10 18:11:42
225,16684143,Noooo!!,2026-08-09 07:39:18,0.896,2,surasan092,2026-08-10 18:11:42
226,16682080,Jay Gautam,2026-08-10 06:30:43,0.896,2,jaygautam007,2026-08-10 18:11:42
227,16682705,Keisuke,2026-08-10 12:57:21,0.895,6,kesuke,2026-08-10 18:11:42
228,16668815,Fabian Friedland,2026-08-09 16:18:12,0.895,21,fabotelli,2026-08-10 18:11:42
229,16688222,Ishan Sharma,2026-08-10 04:16:02,0.895,5,ishansharma13,2026-08-10 18:11:42
230,16681693,Osamah Al-Qershi,2026-08-10 12:57:46,0.895,15,osamahalqershi,2026-08-10 18:11:42
231,16668992,Ivan Sabev,2026-08-10 14:44:41,0.894,9,ivansabev,2026-08-10 18:11:42
232,16675349,"Yet, WiaLive !",2026-08-10 03:22:31,0.894,7,yetwialive,2026-08-10 18:11:42
233,16670291,KevlarZanderChi,2026-08-09 00:38:18,0.894,12,kevlarzanderchi,2026-08-10 18:11:42
234,16693172,Ali Baouch,2026-08-09 00:14:56,0.894,1,alibaouch,2026-08-10 18:11:42
235,16682242,Boiled-Sweet-Potato,2026-08-09 01:18:10,0.894,4,boiledsweetpotato,2026-08-10 18:11:42
236,16671196,unknown,2026-08-09 01:31:19,0.894,2,abdullahshafi2021,2026-08-10 18:11:42
237,16678103,HunterBlue,2026-08-09 18:31:58,0.894,4,marianacodebase,2026-08-10 18:11:42
238,16691369,Hafida Belayd,2026-08-10 16:33:17,0.894,6,hafidabelayd,2026-08-10 18:11:42
239,16669681,"One person, One agent",2026-08-10 15:43:06,0.894,10,quan0095,2026-08-10 18:11:42
240,16689769,Blacklions.,2026-08-10 01:10:11,0.894,6,blacklions,2026-08-10 18:11:42
241,16693125,Peng Wang,2026-08-09 07:15:14,0.894,4,pengwang91,2026-08-10 18:11:42
242,16670414,TmT,2026-08-09 21:17:09,0.894,3,tamotamo,2026-08-10 18:11:42
243,16670713,i3,2026-08-09 07:21:14,0.894,8,ishijima,2026-08-10 18:11:42
244,16678668,Imran Ahamed,2026-08-09 03:59:10,0.894,7,immu4989,2026-08-10 18:11:42
245,16680432,Said Mohamed Omary,2026-08-10 13:24:35,0.894,7,saidmohamedomary,2026-08-10 18:11:42
246,16669073,Roman Rozen,2026-08-09 13:17:22,0.894,14,romanrozen,2026-08-10 18:11:42
247,16670990,HumbleHumbert,2026-08-09 04:01:29,0.893,5,humblehumbert,2026-08-10 18:11:42
248,16687719,PRIYANSHU PANDEY,2026-08-10 10:18:19,0.893,5,"harshitb24cs1031,justalazybun",2026-08-10 18:11:42
249,16690477,Dante,2026-08-08 22:31:27,0.893,2,tawaragiyuhei,2026-08-10 18:11:42
250,16688312,Sadidul Islam,2026-08-09 02:40:57,0.893,2,sadidul012,2026-08-10 18:11:42
251,16693062,allisluck,2026-08-09 06:13:40,0.893,1,jackyzqs,2026-08-10 18:11:42
252,16677976,André Luiz Pedroso,2026-08-09 10:37:07,0.893,9,andreluizpedroso,2026-08-10 18:11:42
253,16690518,Aaron Samuel,2026-08-09 18:35:06,0.893,5,aaronmosamuel,2026-08-10 18:11:42
254,16678457,Nikita,2026-08-10 16:09:20,0.893,3,nikitagajbhiye30,2026-08-10 18:11:42
255,16680135,jarryJafery,2026-08-09 20:36:08,0.893,9,sjarry,2026-08-10 18:11:42
256,16669819,MJVinay,2026-08-08 18:27:17,0.893,13,mallajayanthvinay,2026-08-10 18:11:42
257,16692584,Shiva,2026-08-08 19:09:40,0.893,1,shivasai77,2026-08-10 18:11:42
258,16692808,Musab Ahmed,2026-08-08 21:04:34,0.893,1,musabyagoub,2026-08-10 18:11:42
259,16677846,Ahmad MAQSOOD1233,2026-08-10 15:03:37,0.893,2,ahmadmaqsood3e3e3,2026-08-10 18:11:42
260,16677885,Kea Kohv,2026-08-10 11:30:55,0.893,4,keakohv,2026-08-10 18:11:42
261,16684893,kishizaki-sci,2026-08-08 10:41:17,0.893,2,superstringdev,2026-08-10 18:11:42
262,16691626,Purandhar Ram Choppa,2026-08-10 15:52:47,0.892,5,purandharramchoppa,2026-08-10 18:11:42
263,16691234,DeeperNet,2026-08-10 13:56:14,0.892,3,deepernet,2026-08-10 18:11:42
264,16696281,mikebeth,2026-08-10 15:47:17,0.892,5,miguelbeta,2026-08-10 18:11:42
265,16690092,talha ,2026-08-10 04:57:20,0.891,3,talha5787,2026-08-10 18:11:42
266,16689079,SunaoCool,2026-08-08 06:15:13,0.891,2,yoshikinishita,2026-08-10 18:11:42
267,16678550,Mahimn,2026-08-08 21:38:57,0.891,8,mahimn,2026-08-10 18:11:42
268,16672795,FasterYouChase FasterIRun,2026-08-08 06:18:27,0.891,1,icoguser,2026-08-10 18:11:42
269,16689438,yemaoye,2026-08-08 07:05:04,0.891,1,yemaoye,2026-08-10 18:11:42
270,16671046,Tara Labs,2026-08-10 17:48:42,0.891,13,caoyupeng,2026-08-10 18:11:42
271,16685798,零號軌跡,2026-08-08 07:22:32,0.891,3,y1amadeus,2026-08-10 18:11:42
272,16689537,Grigoryan Sergey,2026-08-08 07:30:28,0.891,2,hertryggr,2026-08-10 18:11:42
273,16689605,Samsay24,2026-08-08 07:47:41,0.891,1,samsay23,2026-08-10 18:11:42
274,16674437,Nf4d1l,2026-08-10 06:42:52,0.891,3,nf4d1l,2026-08-10 18:11:42
275,16684775,yaphanqiii,2026-08-10 06:23:26,0.891,2,yaphanqiii,2026-08-10 18:11:42
276,16690023,Olaf Yunus Laitinen Imanov,2026-08-08 09:24:56,0.891,2,olaflundstrom,2026-08-10 18:11:42
277,16689241,khj1222,2026-08-08 09:22:11,0.891,1,khj1222,2026-08-10 18:11:42
278,16676701,Hari Raman Pokhrel,2026-08-10 00:44:13,0.891,7,hariramanpokhrel,2026-08-10 18:11:42
279,16684626,lingyu07,2026-08-08 09:56:39,0.891,3,lingyu07,2026-08-10 18:11:42
280,16690337,Niclo,2026-08-08 10:08:21,0.891,2,midcarryhz,2026-08-10 18:11:42
281,16680620,Shivam Sharma,2026-08-10 10:36:54,0.891,11,jxm222,2026-08-10 18:11:42
282,16690592,Vishal Maurya,2026-08-08 11:08:38,0.891,2,vishalmaurya0906,2026-08-10 18:11:42
283,16690502,Antonoof,2026-08-08 13:29:07,0.891,2,antonoof,2026-08-10 18:11:42
284,16687970,Zhanpeng.W,2026-08-09 13:25:29,0.891,6,zhanpengw,2026-08-10 18:11:42
285,16678579,Casualty,2026-08-10 13:19:29,0.891,14,"acerolaorionblade,hezeming",2026-08-10 18:11:42
286,16688990,Kyle Goosen,2026-08-09 08:13:10,0.891,4,kylegoosen,2026-08-10 18:11:42
287,16674764,Bharath Varma,2026-08-09 18:20:37,0.891,5,bharath111l,2026-08-10 18:11:42
288,16668994,sukirman,2026-08-08 14:29:44,0.891,3,rakbidb,2026-08-10 18:11:42
289,16684258,Ade Fiqri,2026-08-08 15:54:40,0.891,3,adefiqri12,2026-08-10 18:11:42
290,16669245,Charismatic Pizza Party🍕,2026-08-08 14:54:24,0.891,10,debugendless,2026-08-10 18:11:42
291,16678340,Muhammad Haroon,2026-08-08 15:27:11,0.891,1,har00n,2026-08-10 18:11:42
292,16691767,Mike MacLean,2026-08-08 16:19:03,0.891,1,mikemaclean,2026-08-10 18:11:42
293,16676770,vladee,2026-08-08 17:20:52,0.891,5,vladee,2026-08-10 18:11:42
294,16669002,Baidalin Adilzhan [dsmlkz],2026-08-08 17:33:28,0.891,1,baidalinadilzhan,2026-08-10 18:11:42
295,16678328,navazsh fathi,2026-08-08 18:32:30,0.891,8,navazshfathi,2026-08-10 18:11:42
296,16692445,Fedor Bogomolov,2026-08-08 18:46:35,0.891,1,fedorbogomolov,2026-08-10 18:11:42
297,16669746,Aman Atar,2026-08-10 16:21:05,0.891,8,amanatar,2026-08-10 18:11:42
298,16692473,Kavya Bhand,2026-08-09 05:12:17,0.891,2,kavyabhand,2026-08-10 18:11:42
299,16690989,221B Baker's Cyst,2026-08-10 11:45:07,0.891,8,"alexrodrguezr,atoarr",2026-08-10 18:11:42
300,16692297,Chiagoziem Nneke,2026-08-08 21:00:56,0.891,1,chiagoziemnneke,2026-08-10 18:11:42
301,16691392,Random Hero,2026-08-09 19:06:00,0.891,2,raisefamous,2026-08-10 18:11:42
302,16670832,Less,2026-08-08 22:12:43,0.891,1,jiaoyouzhang,2026-08-10 18:11:42
303,16693100,Eyad El Hawary 🇵🇸,2026-08-08 23:29:15,0.891,1,eyadelhawary02,2026-08-10 18:11:42
304,16691727,Leonard,2026-08-09 06:20:39,0.891,2,hunan431102,2026-08-10 18:11:42
305,16677391,Raahim Nawaz,2026-08-09 06:33:06,0.891,1,raahimnawaz,2026-08-10 18:11:42
306,16685851,Furina,2026-08-10 14:21:21,0.891,2,cjlcjlcjl,2026-08-10 18:11:42
307,16691824,pp1985,2026-08-09 07:53:49,0.891,1,ppilania1985,2026-08-10 18:11:42
308,16685594,AbhilashVJ,2026-08-09 08:16:57,0.891,1,abh001,2026-08-10 18:11:42
309,16685932,Agnel Vishal,2026-08-09 08:46:27,0.891,7,agnelvishal,2026-08-10 18:11:42
310,16694823,mango,2026-08-09 14:02:41,0.891,2,mango789,2026-08-10 18:11:42
311,16670307,yasu,2026-08-10 01:00:41,0.891,7,yasutakababa,2026-08-10 18:11:42
312,16676943,Erdousky,2026-08-10 05:48:43,0.891,3,erdousky,2026-08-10 18:11:42
313,16695083,Raiyana Rufaida,2026-08-09 11:28:36,0.891,1,shes1r,2026-08-10 18:11:42
314,16695149,walkrunfly,2026-08-10 10:14:53,0.891,10,walkrunfly,2026-08-10 18:11:42
315,16687653,AdamJonesJohnson,2026-08-09 13:17:16,0.891,1,adamjonesjohnson,2026-08-10 18:11:42
316,16687927,Sagnik Bhadury,2026-08-09 13:46:33,0.891,4,sagnikb,2026-08-10 18:11:42
317,16680711,William Wakefield,2026-08-09 15:45:14,0.891,1,williamcwakefield,2026-08-10 18:11:42
318,16696397,Ahmet Abdullah Gültekin,2026-08-09 15:46:30,0.891,1,abdullahgultekin,2026-08-10 18:11:42
319,16672501,Pranav Magadi,2026-08-09 17:54:35,0.891,4,pranavmagadi,2026-08-10 18:11:42
320,16676951,Aiman Al-Shalfi,2026-08-10 10:19:30,0.891,7,aimanalshalfi,2026-08-10 18:11:42
321,16697897,Yin Li,2026-08-10 02:58:40,0.891,5,kevin250304,2026-08-10 18:11:42
322,16681958,Hikmet Calayır,2026-08-10 09:45:38,0.891,6,hikmetcalayr,2026-08-10 18:11:42
323,16694001,Daniel Petro,2026-08-10 11:22:50,0.891,1,dan512,2026-08-10 18:11:42
324,16680857,SuleimanQ,2026-08-10 15:15:39,0.891,4,suleimanq,2026-08-10 18:11:42
325,16693603,Bernard Boatey,2026-08-10 11:37:29,0.891,3,bernardboatey,2026-08-10 18:11:42
326,16688888,atkaggler,2026-08-09 01:00:30,0.891,1,atkaggler,2026-08-10 18:11:42
327,16678587,Shahzeb Khoso,2026-08-09 01:00:45,0.891,1,shahzebkhoso,2026-08-10 18:11:42
328,16668976,Vineet_Kumar,2026-08-09 05:29:21,0.891,2,vineetk20,2026-08-10 18:11:42
329,16693235,roro128,2026-08-09 09:25:07,0.891,5,roro128,2026-08-10 18:11:42
330,16679023,Mangal Chakraborty,2026-08-10 02:32:09,0.891,6,mangalchakraborty,2026-08-10 18:11:42
331,16697838,Notebook Noobie,2026-08-10 09:51:58,0.891,5,notebooknoobie,2026-08-10 18:11:42
332,16681999,CANOE,2026-08-10 04:35:12,0.891,4,acanoe,2026-08-10 18:11:42
333,16674465,ththjyj,2026-08-09 18:08:27,0.89,6,ththjyj,2026-08-10 18:11:42
334,16670197,suguuuuu,2026-08-10 14:50:57,0.89,5,sugupoko,2026-08-10 18:11:42
335,16672776,dodos72,2026-08-10 11:24:34,0.889,12,"dodos72,dodos722",2026-08-10 18:11:42
336,16670538,Kush Patel,2026-08-10 11:07:27,0.889,12,kushp3690,2026-08-10 18:11:42
337,16691416,TakamaruEX,2026-08-09 13:26:02,0.889,2,takamaruex,2026-08-10 18:11:42
338,16684429,Youssef ARRASSEN SHOW,2026-08-10 16:14:33,0.889,2,youssefarrassenshow,2026-08-10 18:11:42
339,16694307,Zinger,2026-08-10 02:17:33,0.888,2,bechirelloumi,2026-08-10 18:11:42
340,16687886,yuto083,2026-08-10 03:33:33,0.888,7,yuto0712,2026-08-10 18:11:42
341,16680012,Doublej37,2026-08-09 13:40:36,0.887,1,doublej37,2026-08-10 18:11:42
342,16685447,TylerJermann,2026-08-10 16:07:59,0.887,10,tylerjermann,2026-08-10 18:11:42
343,16670805,Paul Bryan Elefante,2026-08-10 03:04:52,0.886,10,heuljax,2026-08-10 18:11:42
344,16675208,ask812,2026-08-08 18:46:48,0.885,7,ask812,2026-08-10 18:11:42
345,16679457,Ercan Gurvit,2026-08-10 15:49:30,0.885,5,ercangurvit,2026-08-10 18:11:42
346,16688272,Nasser,2026-08-09 20:08:11,0.884,1,nchams3,2026-08-10 18:11:42
347,16676783,Khoi Dang,2026-08-09 01:22:28,0.884,4,ngockhoidang,2026-08-10 18:11:42
348,16669380,Mattia Angeli,2026-08-10 16:54:11,0.883,6,mattiaangeli,2026-08-10 18:11:42
349,16674489,Coffeethefifth,2026-08-09 04:33:50,0.883,2,okilireaya,2026-08-10 18:11:42
350,16681579,DEHAI WANG,2026-08-10 07:57:01,0.882,10,dehaiwang,2026-08-10 18:11:42
351,16671808,Vaibhav Gupta,2026-08-09 22:21:16,0.882,17,vaihero,2026-08-10 18:11:42
352,16671662,Hira Norm,2026-08-10 08:28:29,0.881,9,hiranorm,2026-08-10 18:11:42
353,16676462,Alessandro Piccin,2026-08-08 07:02:00,0.881,2,alessandropic,2026-08-10 18:11:42
354,16687295,WeiJun Dou,2026-08-09 16:39:25,0.88,4,wayjunedou,2026-08-10 18:11:42
355,16687336,Awnikant Ajay,2026-08-09 00:41:13,0.88,11,awnikantajay,2026-08-10 18:11:42
356,16679344,Andrei Dorobantu,2026-08-09 00:02:11,0.879,3,andreidorobantu,2026-08-10 18:11:42
357,16668924,Bull,2026-08-08 08:32:42,0.878,1,welshonionman,2026-08-10 18:11:42
358,16678903,Kerem Celik,2026-08-08 13:52:46,0.877,3,keremelik,2026-08-10 18:11:42
359,16691390,Abdallah Higran,2026-08-09 23:56:17,0.876,4,abdallahhigran,2026-08-10 18:11:42
360,16669336,fc,2026-08-10 14:10:25,0.875,14,ngenechen,2026-08-10 18:11:42
361,16682295,Bhaskar Barot,2026-08-10 10:43:13,0.875,6,bhaskarbarot,2026-08-10 18:11:42
362,16685402,infamemconculcemus,2026-08-10 11:04:58,0.874,11,jcgweb,2026-08-10 18:11:42
363,16670673,mizukami,2026-08-10 00:01:26,0.873,20,rumo11,2026-08-10 18:11:42
364,16680914,JYA,2026-08-10 03:13:59,0.872,7,yaojixing,2026-08-10 18:11:42
365,16668807,Nur Srijan,2026-08-09 19:09:32,0.872,13,nursrijan,2026-08-10 18:11:42
366,16696071,khursani,2026-08-10 06:39:51,0.872,3,khursani8,2026-08-10 18:11:42
367,16693099,Liam Price,2026-08-10 02:42:56,0.872,3,liamprice1211,2026-08-10 18:11:42
368,16671686,Myo Min Htet(wnp)🇲🇲,2026-08-09 08:04:32,0.871,8,myominhtet,2026-08-10 18:11:42
369,16672815,Himeno,2026-08-10 06:04:57,0.871,6,lepidon,2026-08-10 18:11:42
370,16687791,Yunusa Hussein Adeiza,2026-08-09 08:29:16,0.871,3,yunusahusseinadeiza,2026-08-10 18:11:42
371,16670603,nnc,2026-08-10 12:36:49,0.871,4,daimarusui3,2026-08-10 18:11:42
372,16684256,Nikunj1375,2026-08-10 04:59:51,0.871,1,nikunj1375,2026-08-10 18:11:42
373,16690945,roberttwill,2026-08-09 03:06:52,0.871,2,roberttwill,2026-08-10 18:11:42
374,16676548,🦵YOKKOISHO🦵,2026-08-10 14:00:59,0.87,15,"shin9915,syamoji141chan",2026-08-10 18:11:42
375,16675504,Eshwar2111,2026-08-10 08:13:19,0.87,1,eshwarb2111,2026-08-10 18:11:42
376,16672111,doncli,2026-08-10 05:36:01,0.869,5,doncli,2026-08-10 18:11:42
377,16671925,Uzumaki Julius,2026-08-09 22:04:38,0.869,5,uzumakijulius,2026-08-10 18:11:42
378,16690655,Matteo Vitali,2026-08-09 12:19:34,0.869,1,matteovitali1004,2026-08-10 18:11:42
379,16680837,imainjob,2026-08-09 11:50:32,0.868,5,imainjob,2026-08-10 18:11:42
380,16687635,Django de Vreng,2026-08-10 09:16:42,0.867,3,djangodevreng,2026-08-10 18:11:42
381,16668841,Ahmed A.,2026-08-10 10:00:35,0.867,3,archie40004,2026-08-10 18:11:42
382,16682100,Namra Desai,2026-08-09 10:02:09,0.866,6,namra001,2026-08-10 18:11:42
383,16669271,Pathik Patel,2026-08-10 16:00:59,0.865,7,pathik1511,2026-08-10 18:11:42
384,16674810,Yusuke Hayashi,2026-08-10 08:11:31,0.864,12,yhay81,2026-08-10 18:11:42
385,16671967,MD. Nazmus Sakib Anik,2026-08-10 13:08:58,0.863,8,"beyondlogic,mdmahtabalirafin",2026-08-10 18:11:42
386,16692308,Rob Boyd,2026-08-09 19:15:06,0.862,1,robboyd,2026-08-10 18:11:42
387,16686764,tsuyu122,2026-08-10 13:06:15,0.862,5,tsuyu122,2026-08-10 18:11:42
388,16671152,Tianyu Wang,2026-08-09 14:02:42,0.861,4,kevinwang0305,2026-08-10 18:11:42
389,16669068,The light that shines,2026-08-09 07:22:24,0.86,8,nkosindwandwe,2026-08-10 18:11:42
390,16674460,Ignasi Alemany,2026-08-10 17:31:08,0.86,3,ignasialemany,2026-08-10 18:11:42
391,16674445,stevenleehans,2026-08-09 12:02:04,0.859,12,stevenleehans,2026-08-10 18:11:42
392,16668913,Joseph Adamski,2026-08-10 10:04:37,0.859,9,josephadamski91,2026-08-10 18:11:42
393,16680490,Watcharin Buason,2026-08-10 14:36:40,0.857,6,chawwatcharin,2026-08-10 18:11:42
394,16671031,Rayan Babur,2026-08-08 02:01:44,0.856,2,rayanbabur,2026-08-10 18:11:42
395,16676481,chill,2026-08-10 12:30:00,0.855,2,k256net,2026-08-10 18:11:42
396,16679395,tomplumber,2026-08-10 04:46:08,0.854,6,maxmender,2026-08-10 18:11:42
397,16680091,Billy Peiritsch,2026-08-10 15:18:37,0.854,12,billypeiritsch,2026-08-10 18:11:42
398,16679591,mohit,2026-08-09 04:29:23,0.853,1,mohitvarred,2026-08-10 18:11:42
399,16669416,Abdulsamad,2026-08-10 03:01:08,0.853,20,abdulsamadjod1234,2026-08-10 18:11:42
400,16691816,Dongyong Lee,2026-08-10 08:51:19,0.852,1,shemissmebutidont,2026-08-10 18:11:42
401,16690340,dvv_ram,2026-08-10 01:34:48,0.852,7,ddvram,2026-08-10 18:11:42
402,16670950,Juyong,2026-08-09 14:32:15,0.852,10,kimdoong,2026-08-10 18:11:42
403,16678893,Alejandro Izaguirre,2026-08-10 02:00:24,0.852,3,alejandroizag,2026-08-10 18:11:42
404,16680495,Mike Mordetsky,2026-08-10 16:29:24,0.85,14,mikemordetsky,2026-08-10 18:11:42
405,16675444,Ihor Olkhovatyi,2026-08-10 07:42:28,0.85,2,tylerdurden73,2026-08-10 18:11:42
406,16682350,Murat Yıldırım,2026-08-09 17:56:26,0.85,2,muratyldrm,2026-08-10 18:11:42
407,16690377,X-xuhui,2026-08-10 05:36:22,0.849,1,xxuhui,2026-08-10 18:11:42
408,16687320,kirubel nigusu,2026-08-08 06:32:33,0.848,2,kirubelnigusu,2026-08-10 18:11:42
409,16680392,Anh-Vu Mai-Nguyen,2026-08-09 14:55:19,0.848,3,mainguyenanhvu,2026-08-10 18:11:42
410,16697965,Angel Estrada Quality,2026-08-10 08:23:55,0.848,5,angelestradaquality,2026-08-10 18:11:42
411,16677260,Jerome Tam,2026-08-07 17:35:19,0.848,2,jerometam,2026-08-10 18:11:42
412,16671113,shu01,2026-08-08 03:03:31,0.848,1,shu01jp,2026-08-10 18:11:42
413,16678751,Nake Kahlon,2026-08-10 13:11:37,0.848,3,nakekahlon,2026-08-10 18:11:42
414,16674675,Mathis Champagne,2026-08-10 12:50:13,0.847,4,mathischampagne,2026-08-10 18:11:42
415,16688953,Hawksartelier,2026-08-10 02:16:52,0.846,3,satyapb2002,2026-08-10 18:11:42
416,16668887,mikelou1,2026-08-07 04:22:27,0.845,8,mikelou1,2026-08-10 18:11:42
417,16688459,soul,2026-08-08 02:40:43,0.844,1,soul80,2026-08-10 18:11:42
418,16692846,Lev Neganov,2026-08-10 15:24:43,0.844,4,levoel,2026-08-10 18:11:42
419,16687576,Nicholas Dominic,2026-08-10 01:49:40,0.844,2,nicholasdominic,2026-08-10 18:11:42
420,16670250,Simone di costanzo,2026-08-08 10:21:48,0.843,12,simonedicostanzo,2026-08-10 18:11:42
421,16684942,Joseph Rynkiewicz,2026-08-08 04:46:05,0.843,3,josephrynkiewicz,2026-08-10 18:11:42
422,16676207,Tianxi Liang,2026-08-08 18:28:22,0.843,1,sodiumchloride123,2026-08-10 18:11:42
423,16692891,Shashwat Bajpai,2026-08-09 15:29:28,0.843,5,shashwat1729,2026-08-10 18:11:42
424,16678234,Juan F Rojas,2026-08-10 03:32:34,0.843,8,juanfrojas,2026-08-10 18:11:42
425,16694432,Utkarsh #2,2026-08-09 21:31:01,0.842,4,n0va007,2026-08-10 18:11:42
426,16669222,really?,2026-08-08 08:36:37,0.842,13,udaken10,2026-08-10 18:11:42
427,16680232,Rohit Chaudhari,2026-08-10 03:44:44,0.842,1,rohitchaudhari25,2026-08-10 18:11:42
428,16670013,Sergio Alvarez,2026-08-10 16:23:59,0.842,2,sersasj,2026-08-10 18:11:42
429,16688923,Gio Kim,2026-08-10 00:32:25,0.842,1,yelloworangebananaa,2026-08-10 18:11:42
430,16674071,Narendra Sirvi,2026-08-08 06:00:11,0.842,8,narendras78,2026-08-10 18:11:42
431,16672578,OpPrime,2026-08-09 07:21:55,0.841,3,farshidamira,2026-08-10 18:11:42
432,16684304,mohamed hassan,2026-08-08 17:06:19,0.841,2,mohamed1211,2026-08-10 18:11:42
433,16683526,tz,2026-08-10 07:54:33,0.841,8,elysii,2026-08-10 18:11:42
434,16671559,Arad Hajari,2026-08-07 18:38:16,0.841,9,aradhajari,2026-08-10 18:11:42
435,16685433,Hùng Nguyễn Huy (Hiirooo),2026-08-10 04:31:01,0.841,5,hngnguynhuy,2026-08-10 18:11:42
436,16680997,DiegoSolarte,2026-08-08 18:41:05,0.841,4,diegosolarte,2026-08-10 18:11:42
437,16685449,Nadeem,2026-08-07 21:15:02,0.84,1,nadeembinshajahan,2026-08-10 18:11:42
438,16680533,shehai.lrs,2026-08-08 14:19:20,0.84,1,shehailrs,2026-08-10 18:11:42
439,16675876,Ramcer,2026-08-09 14:38:34,0.839,2,saiduttaabhishekdash,2026-08-10 18:11:42
440,16686229,San Francisco Armory,2026-08-10 15:41:00,0.839,2,"destrxylxnely,diahram,dshhrv",2026-08-10 18:11:42
441,16685662,PPO POO go,2026-08-08 15:07:22,0.839,5,ppopoogo,2026-08-10 18:11:42
442,16669105,Maxim,2026-08-08 07:11:34,0.839,3,ektarr,2026-08-10 18:11:42
443,16682339,guakekuangren,2026-08-09 01:56:02,0.839,5,guakekuangren,2026-08-10 18:11:42
444,16669630,Mawra Musawar,2026-08-08 10:58:38,0.839,7,mawramusawwar,2026-08-10 18:11:42
445,16670601,hikahika,2026-08-10 14:07:31,0.839,10,naganohikaru,2026-08-10 18:11:42
446,16670054,Opalakia,2026-08-07 18:42:32,0.838,2,alexanderchar,2026-08-10 18:11:42
447,16682327,Galaxy1249,2026-08-09 17:35:51,0.837,2,galaxy1249,2026-08-10 18:11:42
448,16680921,Semih Güllüoğlu,2026-08-08 07:48:06,0.837,2,semihgllolu,2026-08-10 18:11:42
449,16677886,Optimal Prime,2026-08-09 13:44:55,0.836,10,caelix,2026-08-10 18:11:42
450,16671068,"Mateus Cruz, Msc.",2026-08-08 13:08:06,0.836,5,matteuscruz,2026-08-10 18:11:42
451,16691249,邓567,2026-08-08 15:45:09,0.836,1,deng567,2026-08-10 18:11:42
452,16681235,morningstar,2026-08-09 05:02:35,0.836,3,bryangasper,2026-08-10 18:11:42
453,16678711,Ravi Banchhiwal,2026-08-09 21:11:14,0.835,3,ravibanchhiwal,2026-08-10 18:11:42
454,16680461,Phạm Vương,2026-08-09 06:40:44,0.835,4,vuongphamqq,2026-08-10 18:11:42
455,16687686,Kerem Tüzün,2026-08-09 19:01:19,0.835,5,keremtzn,2026-08-10 18:11:42
456,16671948,Naresh Meena,2026-08-09 08:51:13,0.834,3,nareshmeena12,2026-08-10 18:11:42
457,16685675,Nguyên Nguyên,2026-08-10 07:30:56,0.833,2,kirito1sasa,2026-08-10 18:11:42
458,16683872,Sergei Martynov,2026-08-08 19:33:06,0.832,1,sergeimartynov,2026-08-10 18:11:42
459,16672330,mekduy,2026-08-07 15:59:19,0.832,1,mekduy,2026-08-10 18:11:42
460,16686524,Andrey Gatsuk,2026-08-07 16:43:39,0.832,1,gatsuk,2026-08-10 18:11:42
461,16675431,Vadim Kurochkin,2026-08-07 18:03:20,0.832,1,vadimkurochkin,2026-08-10 18:11:42
462,16670486,Roy Wei,2026-08-07 18:39:50,0.832,1,renyiwei,2026-08-10 18:11:42
463,16678187,Zain Ali Nasir,2026-08-07 18:40:14,0.832,5,zainalinasir,2026-08-10 18:11:42
464,16677735,MDev,2026-08-09 08:23:22,0.832,3,sarthaksachan,2026-08-10 18:11:42
465,16671514,Oleksii Zhukov,2026-08-07 19:57:19,0.832,2,zhukovoleksiy,2026-08-10 18:11:42
466,16688227,jorge fabian avila,2026-08-08 00:51:21,0.832,1,jorgefabianavila,2026-08-10 18:11:42
467,16671565,RichardZhang73,2026-08-08 03:17:39,0.832,1,richardzhang73,2026-08-10 18:11:42
468,16682132,Subin Vidhu,2026-08-10 02:44:47,0.832,6,subinvidhu,2026-08-10 18:11:42
469,16697793,Arya Arun,2026-08-10 15:41:06,0.831,3,aryaarun07,2026-08-10 18:11:42
470,16678651,rohan024245,2026-08-08 05:50:48,0.831,2,rohan024245,2026-08-10 18:11:42
471,16671449,KV7,2026-08-10 02:48:52,0.831,1,kaveh7777,2026-08-10 18:11:42
472,16672628,N0maD,2026-08-08 10:01:06,0.831,2,thisisn0mad,2026-08-10 18:11:42
473,16670009,Giovanny Rodríguez,2026-08-10 13:18:41,0.83,16,giovannyrodrguez,2026-08-10 18:11:42
474,16688177,Karton4ik,2026-08-09 00:08:25,0.83,1,karton4ik,2026-08-10 18:11:42
475,16671087,tachyon777,2026-08-10 11:38:13,0.83,4,tachyon777,2026-08-10 18:11:42
476,16684958,Anhad Mahajan,2026-08-10 15:48:41,0.83,10,anhadmahajan06,2026-08-10 18:11:42
477,16680241,onthehilluu,2026-08-09 16:34:58,0.829,9,newtohere,2026-08-10 18:11:42
478,16687540,lyambdadelta,2026-08-08 19:57:16,0.829,2,lambdaderta,2026-08-10 18:11:42
479,16679627,Tsingtao Bro,2026-08-09 12:02:30,0.829,2,qiweiyin,2026-08-10 18:11:42
480,16696756,cameronezrajones579,2026-08-10 01:50:46,0.829,1,cameronezrajones579,2026-08-10 18:11:42
481,16680835,Changye Li,2026-08-07 23:39:21,0.828,5,antoinegg1,2026-08-10 18:11:42
482,16675266,RuiKimura4,2026-08-08 22:36:33,0.827,5,ruikimura4,2026-08-10 18:11:42
483,16679296,bhavya shah,2026-08-08 15:53:02,0.827,6,bhavyashah007,2026-08-10 18:11:42
484,16669965,Ammar,2026-08-08 17:40:45,0.826,2,ammarhameed,2026-08-10 18:11:42
485,16686637,Toprak Ergül,2026-08-09 11:41:55,0.826,5,"demirpoyrazelcin,kiddingundead",2026-08-10 18:11:42
486,16692547,Sangeet Sharma,2026-08-09 06:18:55,0.826,1,sangiits,2026-08-10 18:11:42
487,16684255,Jeslin P james,2026-08-10 02:31:03,0.826,1,jeslinpjames,2026-08-10 18:11:42
488,16669226,Francesco Campigotto,2026-08-07 12:29:53,0.826,1,francescocampigotto,2026-08-10 18:11:42
489,16700947,Saurabh Tiwari,2026-08-10 11:46:48,0.825,1,saurabhtiwari13,2026-08-10 18:11:42
490,16685309,YUKRUB,2026-08-08 07:18:07,0.825,1,yukrub,2026-08-10 18:11:42
491,16679472,Niklas L,2026-08-09 02:47:39,0.825,2,niklasdev,2026-08-10 18:11:42
492,16671634,PC Jimmmy,2026-08-10 14:41:13,0.825,13,pcjimmmy,2026-08-10 18:11:42
493,16672978,Seyominaoto,2026-08-10 00:47:27,0.825,12,seyominaoto,2026-08-10 18:11:42
494,16680134,Jewett Turkson,2026-08-07 14:40:49,0.825,1,jewettturkson,2026-08-10 18:11:42
495,16669054,My knee hurts,2026-08-07 11:11:19,0.824,4,"kennethlie16,zoli800",2026-08-10 18:11:42
496,16686120,Qingdong Feng,2026-08-08 04:33:30,0.824,1,qingdongfeng,2026-08-10 18:11:42
497,16683547,ts2coder,2026-08-10 15:45:22,0.824,3,ts2coder,2026-08-10 18:11:42
498,16679067,Malyshev Danil,2026-08-10 10:09:07,0.824,3,malyshevdanil,2026-08-10 18:11:42
499,16679801,XIAODOUZI,2026-08-10 04:31:30,0.824,7,xiaodouzi666,2026-08-10 18:11:42
500,16684986,Kamal Das,2026-08-07 12:38:34,0.824,1,kmldas,2026-08-10 18:11:42
501,16673386,F.A.Nina,2026-08-07 11:21:38,0.823,5,nina2025,2026-08-10 18:11:42
502,16685060,webcainiao,2026-08-07 12:51:39,0.823,2,web3cainiao,2026-08-10 18:11:42
503,16685585,Youssef EL MSIYAH,2026-08-07 19:38:04,0.823,1,youssefelmsiyah,2026-08-10 18:11:42
504,16682134,junseok lee,2026-08-10 04:40:01,0.823,2,jaslee2,2026-08-10 18:11:42
505,16673210,dipz,2026-08-09 13:49:07,0.823,15,xdipzz,2026-08-10 18:11:42
506,16683323,karthiksatya1610,2026-08-10 06:23:20,0.822,13,"chirrashyamprakash,karthiksatya1610",2026-08-10 18:11:42
507,16675360,koulet3011,2026-08-08 07:27:10,0.822,1,koubasho,2026-08-10 18:11:42
508,16687682,iluion,2026-08-08 10:17:34,0.821,1,iluion,2026-08-10 18:11:42
509,16677098,Nuclear Geek,2026-08-08 03:09:48,0.82,4,nucleargeek,2026-08-10 18:11:42
510,16678727,Ak,2026-08-08 19:08:41,0.82,1,abisheksrivastav,2026-08-10 18:11:42
511,16669063,Will,2026-08-09 10:24:24,0.819,6,wguesdon,2026-08-10 18:11:42
512,16679593,HulkBulk,2026-08-10 09:29:28,0.819,2,hulkbulk,2026-08-10 18:11:42
513,16671480,Fernando Rodrigues,2026-08-10 12:35:24,0.819,10,fernandosr85,2026-08-10 18:11:42
514,16677766,Youssef Ouertani,2026-08-07 14:08:44,0.818,1,youssefouertani,2026-08-10 18:11:42
515,16670995,roy214,2026-08-10 14:55:38,0.818,1,phamgianguyen,2026-08-10 18:11:42
516,16678366,Christian Jenei,2026-08-10 15:59:41,0.818,6,christianjenei,2026-08-10 18:11:42
517,16698215,Ali Hasnain,2026-08-10 04:25:09,0.817,5,alihasnain34,2026-08-10 18:11:42
518,16689801,ValkBlox,2026-08-09 16:25:40,0.816,4,valkblox,2026-08-10 18:11:42
519,16678417,Spyros Vythoulkas,2026-08-08 17:54:16,0.816,2,spyrosvythoulkas,2026-08-10 18:11:42
520,16671149,Paritosh Kumar Tripathi,2026-08-08 16:20:44,0.814,1,paritoshtripathi5,2026-08-10 18:11:42
521,16679759,KhanZKhan,2026-08-10 14:34:52,0.813,7,khanzkhan,2026-08-10 18:11:42
522,16671159,zx2,2026-08-10 03:47:25,0.813,3,www051586401319,2026-08-10 18:11:42
523,16674021,this is lsm,2026-08-08 19:55:49,0.813,9,thisislsm,2026-08-10 18:11:42
524,16669614,DhawalModi,2026-08-09 20:25:03,0.812,1,daveconnor,2026-08-10 18:11:42
525,16670744,Ben Hamilton,2026-08-10 11:14:03,0.811,4,kineticaxisstudio,2026-08-10 18:11:42
526,16698261,Saugi Alkaf,2026-08-10 16:23:13,0.811,2,syaugialkaf,2026-08-10 18:11:42
527,16680976,I_luv_magick,2026-08-07 06:46:42,0.81,5,iluvmagick,2026-08-10 18:11:42
528,16671615,and more,2026-08-09 21:59:37,0.81,7,kym2022,2026-08-10 18:11:42
529,16679506,Udit Jain,2026-08-07 00:52:37,0.81,1,iamudit,2026-08-10 18:11:42
530,16671273,tyamanashi,2026-08-07 07:47:23,0.81,4,tyamanashi,2026-08-10 18:11:42
531,16669172,Tim Krige,2026-08-07 10:21:52,0.809,3,timkrige,2026-08-10 18:11:42
532,16682878,ServerlessCreed,2026-08-07 09:39:26,0.809,1,serverlesscreed,2026-08-10 18:11:42
533,16671097,reopon,2026-08-08 01:01:28,0.809,10,reopon,2026-08-10 18:11:42
534,16699545,Nikhil00718,2026-08-10 10:57:35,0.809,1,"nikhil00718,vaishnavi22052006",2026-08-10 18:11:42
535,16676550,Abdul Rosyid,2026-08-06 23:51:08,0.809,1,rosyid001,2026-08-10 18:11:42
536,16675356,Rabeet Ur Rehman,2026-08-10 11:15:41,0.809,4,rabeeturrehman,2026-08-10 18:11:42
537,16680558,Jaisal K Jain,2026-08-07 08:32:06,0.809,2,jaisalkjain,2026-08-10 18:11:42
538,16683810,Gobind Singh 82,2026-08-07 11:59:49,0.809,1,gobindsingh82,2026-08-10 18:11:42
539,16679256,Joaquim  Timóteo,2026-08-10 12:46:13,0.809,3,joaquimcarlostimteo,2026-08-10 18:11:42
540,16669309,петроградка national team 52,2026-08-07 17:41:14,0.808,10,"johnjanson,romantamrazov",2026-08-10 18:11:42
541,16686741,LI LU STUDENT,2026-08-07 18:40:36,0.808,1,lilustudent,2026-08-10 18:11:42
542,16678262,Aryan Kumar,2026-08-06 18:50:58,0.808,1,kumaryan12,2026-08-10 18:11:42
543,16682049,Prashant Kikani,2026-08-07 09:46:46,0.808,1,prashantkikani,2026-08-10 18:11:42
544,16672050,kinjazA,2026-08-10 03:48:40,0.808,2,kinjaza,2026-08-10 18:11:42
545,16681546,VK,2026-08-07 06:27:26,0.808,1,venkatkumar001,2026-08-10 18:11:42
546,16683614,sereinZhi0926,2026-08-07 09:06:45,0.808,1,sereinzhi0926,2026-08-10 18:11:42
547,16676139,NDNam,2026-08-07 02:45:55,0.808,2,namndios,2026-08-10 18:11:42
548,16671655,PyJa,2026-08-07 12:29:45,0.808,10,pixiux,2026-08-10 18:11:42
549,16670977,AmishMittal,2026-08-07 16:33:16,0.808,2,amishm,2026-08-10 18:11:42
550,16693177,SC,2026-08-08 23:54:29,0.808,1,ryosketchbook2007,2026-08-10 18:11:42
551,16670436,Ibad Ur Rahman,2026-08-07 14:25:24,0.808,5,ibadia,2026-08-10 18:11:42
552,16678774,Hasibul Islam Sifat,2026-08-09 18:30:51,0.808,8,aisipu,2026-08-10 18:11:42
553,16676414,LeKimono,2026-08-07 18:09:23,0.808,2,lekimono,2026-08-10 18:11:42
554,16675481,Mykhailo Trushch,2026-08-10 03:07:00,0.808,2,mykhailotrushch,2026-08-10 18:11:42
555,16679746,Mikey Marszewski,2026-08-06 22:33:42,0.807,1,mikeymarszewski,2026-08-10 18:11:42
556,16677831,blackseashark5,2026-08-06 17:44:49,0.807,1,blackseasharkgcvt,2026-08-10 18:11:42
557,16679949,morningduck,2026-08-10 00:21:59,0.807,12,morningduck,2026-08-10 18:11:42
558,16678135,🔥🦫📿🗽,2026-08-09 20:25:42,0.807,2,datafad,2026-08-10 18:11:42
559,16670692,shimosaba,2026-08-10 05:16:41,0.807,1,yutoshimomura,2026-08-10 18:11:42
560,16670000,erenvo,2026-08-09 14:03:02,0.806,9,erenvoo,2026-08-10 18:11:42
561,16670935,hida1211,2026-08-07 00:33:32,0.806,4,hida1211,2026-08-10 18:11:42
562,16681283,Soham,2026-08-10 16:08:16,0.806,7,soham308,2026-08-10 18:11:42
563,16681906,Vikash kumar pandit,2026-08-07 07:36:52,0.806,1,vikash1159pandit,2026-08-10 18:11:42
564,16683900,Junlaii,2026-08-07 09:35:10,0.806,1,junlaii,2026-08-10 18:11:42
565,16675018,ML Clan,2026-08-07 13:47:56,0.805,4,"helloromiro,hubabuba2001,leonidzaporozhets,nazarlukyanov,robertopussini",2026-08-10 18:11:42
566,16680355,SEUNGHA HWANG,2026-08-08 13:07:56,0.805,2,seunghahwang,2026-08-10 18:11:42
567,16676835,DataGeek,2026-08-08 20:06:44,0.804,2,thakurrajanand,2026-08-10 18:11:42
568,16685813,stefanoclss,2026-08-10 16:57:16,0.804,3,stefanoclss,2026-08-10 18:11:42
569,16681383,Haider Niaz,2026-08-08 21:28:14,0.804,1,haiderniaz,2026-08-10 18:11:42
570,16674721,Civitasmass,2026-08-07 21:16:20,0.804,5,godhand,2026-08-10 18:11:42
571,16681535,Lalith,2026-08-08 20:36:46,0.803,3,killula33,2026-08-10 18:11:42
572,16673831,Gabriele Santoro,2026-08-07 11:53:55,0.803,3,gabrielesantoro,2026-08-10 18:11:42
573,16689111,Sonu Jha,2026-08-09 03:25:14,0.801,3,sonujha090,2026-08-10 18:11:42
574,16669780,Gourab Roy,2026-08-08 11:32:28,0.801,6,gourabroy553,2026-08-10 18:11:42
575,16690533,DavidWagihW,2026-08-09 13:32:34,0.798,5,davidwagihw,2026-08-10 18:11:42
576,16670754,Gigrise,2026-08-07 12:57:51,0.797,2,gigrais,2026-08-10 18:11:42
577,16690255,Himmel Maskine,2026-08-10 15:06:28,0.797,3,morpickedfields,2026-08-10 18:11:42
578,16679769,Cihan Atak,2026-08-08 12:40:48,0.796,1,cihanatak,2026-08-10 18:11:42
579,16670143,Sebastian Mateus,2026-08-09 08:50:17,0.796,17,sebastianmateus,2026-08-10 18:11:42
580,16683958,for alll 100,2026-08-10 13:17:56,0.796,3,foralll100,2026-08-10 18:11:42
581,16692043,Maciej Brzeski,2026-08-09 20:27:20,0.795,2,maciejbrzeski,2026-08-10 18:11:42
582,16685619,LogicLab,2026-08-10 12:12:57,0.793,5,logiclab,2026-08-10 18:11:42
583,16691383,ispromashka,2026-08-09 10:39:16,0.793,1,ispromashka,2026-08-10 18:11:42
584,16669543,SeshuRaju 🧘‍♂️,2026-08-08 09:39:16,0.792,1,seshurajup,2026-08-10 18:11:42
585,16669391,Kadir Erturk,2026-08-09 22:33:25,0.792,2,kadirerturk,2026-08-10 18:11:42
586,16677769,Jorge Palma,2026-08-10 13:38:55,0.792,11,jorgepalma,2026-08-10 18:11:42
587,16682688,Ivan Urbanovitch,2026-08-09 07:57:11,0.791,4,ivanurbanovitch,2026-08-10 18:11:42
588,16672041,耶✌,2026-08-10 00:00:08,0.79,15,qifeihhh666,2026-08-10 18:11:42
589,16689298,Pieismath,2026-08-10 05:18:13,0.788,2,pieismath,2026-08-10 18:11:42
590,16669533,Karnakbayev Artur,2026-08-07 00:34:02,0.787,10,karnakbaevarthur,2026-08-10 18:11:42
591,16688211,Manu Nicholas Jacob,2026-08-09 16:29:11,0.787,1,manunicholasjacob,2026-08-10 18:11:42
592,16679223,Yuri Freitas,2026-08-08 22:55:45,0.787,3,yuribzfreitas,2026-08-10 18:11:42
593,16678989,Sahil00001,2026-08-09 17:44:07,0.784,4,sahil00001,2026-08-10 18:11:42
594,16692201,Sibusiso Khumalo,2026-08-10 16:13:50,0.783,1,sibusisokhumalo11,2026-08-10 18:11:42
595,16675288,Krizsó Gergely,2026-08-08 20:38:09,0.782,15,lucifer19,2026-08-10 18:11:42
596,16669169,kigasudayooo,2026-08-09 12:04:39,0.781,1,argon1215,2026-08-10 18:11:42
597,16697307,Felix Quek,2026-08-10 12:48:00,0.78,1,felixquek,2026-08-10 18:11:42
598,16688495,Sơn Nguyễn Hoàng,2026-08-10 15:52:40,0.78,3,songod0906,2026-08-10 18:11:42
599,16675617,Hasskeller,2026-08-08 08:12:49,0.78,1,"bladee333,dominikhahn1407",2026-08-10 18:11:42
600,16679183,Igor Burkov,2026-08-07 10:31:32,0.779,1,igorburkov,2026-08-10 18:11:42
601,16689598,Mehul Dahiya,2026-08-10 12:20:35,0.778,1,"mambasg,mehuldahiya",2026-08-10 18:11:42
602,16689734,Mohib,2026-08-10 15:12:12,0.777,3,mohib94,2026-08-10 18:11:42
603,16682628,chaojiwudiwujie,2026-08-10 10:02:13,0.777,4,chaojiwudiwujie,2026-08-10 18:11:42
604,16678427,Daniel Sauer Soria,2026-08-07 23:08:43,0.776,1,danielsauersoria,2026-08-10 18:11:42
605,16678723,Sadam Torres,2026-08-08 21:42:04,0.776,1,sadamtorres,2026-08-10 18:11:42
606,16675484,Rahul Ray,2026-08-09 17:46:39,0.776,6,rahulray5,2026-08-10 18:11:42
607,16672288,Murari Ambati,2026-08-07 00:08:33,0.775,4,murariambati,2026-08-10 18:11:42
608,16669805,Bjørn-Jostein,2026-08-09 11:07:11,0.774,2,bjoernjostein,2026-08-10 18:11:42
609,16687210,Tae,2026-08-10 04:43:32,0.774,1,ponghong2744,2026-08-10 18:11:42
610,16679221,Sunny DaysB,2026-08-09 11:37:41,0.774,6,sunnydaysb,2026-08-10 18:11:42
611,16675174,Bishalroy999,2026-08-09 06:04:25,0.773,5,bishalroy999,2026-08-10 18:11:42
612,16676988,shd15a,2026-08-07 07:27:31,0.773,1,shd15a,2026-08-10 18:11:42
613,16678333,Freeman Hui,2026-08-09 12:48:59,0.773,11,freemanhui,2026-08-10 18:11:42
614,16677068,BHARATH .E,2026-08-07 15:18:44,0.773,4,bharath2230,2026-08-10 18:11:42
615,16685003,Jinpyo Yim,2026-08-10 03:11:34,0.772,1,hukatapo,2026-08-10 18:11:42
616,16683661,Shaffaf Thajudheen,2026-08-09 16:20:10,0.772,7,shaffafthajudheen,2026-08-10 18:11:42
617,16673993,Rokaiya Somapti,2026-08-06 08:33:09,0.772,1,rokaiyasomapti,2026-08-10 18:11:42
618,16674547,TommyPhan4848,2026-08-06 09:24:39,0.772,1,tommyphan4848,2026-08-10 18:11:42
619,16677602,laff trakk,2026-08-06 23:59:17,0.771,1,"ethanbwang888,lrodri22",2026-08-10 18:11:42
620,16674333,Mirza Yasir Abdullah Baig,2026-08-06 14:12:22,0.771,1,myab07,2026-08-10 18:11:42
621,16675379,GMpulas\,2026-08-06 14:09:12,0.771,1,gmpulas,2026-08-10 18:11:42
622,16673364,jmmmy,2026-08-06 14:35:20,0.77,3,jmmmmy,2026-08-10 18:11:42
623,16677161,fouad nouamani,2026-08-06 18:55:24,0.77,1,fouadnouamani,2026-08-10 18:11:42
624,16675183,anyasri,2026-08-10 14:59:36,0.769,2,anyasri,2026-08-10 18:11:42
625,16674591,Jules,2026-08-06 11:05:44,0.769,1,julesvanligtenberg,2026-08-10 18:11:42
626,16680028,Fajri Yanuar Shiddiq Juanda,2026-08-09 03:38:50,0.769,3,fajriyanuar,2026-08-10 18:11:42
627,16670014,Cyrus,2026-08-06 09:51:29,0.769,1,jamalsaeedi,2026-08-10 18:11:42
628,16673813,fle3n,2026-08-06 14:27:54,0.768,3,fleongg,2026-08-10 18:11:42
629,16678650,Михаил,2026-08-07 05:14:37,0.767,1,msingatullin,2026-08-10 18:11:42
630,16678131,Mansour A. S. Ataa,2026-08-09 04:17:49,0.767,2,profmansoor,2026-08-10 18:11:42
631,16691943,Hassan Algizani,2026-08-10 12:02:58,0.766,1,hassanalgizani,2026-08-10 18:11:42
632,16689426,Cihat Emre Çeliker,2026-08-10 11:28:35,0.766,1,celiker,2026-08-10 18:11:42
633,16671080,Akima,2026-08-10 04:05:56,0.766,1,tanakatentyo,2026-08-10 18:11:42
634,16688951,Nicholas Fraser7,2026-08-09 23:31:23,0.766,2,nicholasfraser7,2026-08-10 18:11:42
635,16675990,Agent 33,2026-08-07 08:53:05,0.765,3,agent33,2026-08-10 18:11:42
636,16680206,naladalatejas,2026-08-10 15:23:31,0.764,2,naladalatejas,2026-08-10 18:11:42
637,16683796,ALIREZARE,2026-08-10 14:15:16,0.764,2,alirezare,2026-08-10 18:11:42
638,16688083,Blox Amaze,2026-08-08 19:18:18,0.763,1,bloxamaze,2026-08-10 18:11:42
639,16696152,Blagoje Samardžija,2026-08-10 12:47:36,0.763,1,blagojesamardija,2026-08-10 18:11:42
640,16685217,gabrielep09,2026-08-08 14:58:56,0.762,4,gabrielep09,2026-08-10 18:11:42
641,16685278,Satrio Hanif Wicaksono,2026-08-08 11:17:19,0.762,1,"daffamazhar,satriohanifwicaksono",2026-08-10 18:11:42
642,16668795,(ノ◡ <),2026-08-10 12:24:20,0.761,10,nawfeelrahman1124444,2026-08-10 18:11:42
643,16672846,Tomohiro Kikuchi,2026-08-08 13:44:43,0.76,3,tomohirokikuchi,2026-08-10 18:11:42
644,16672897,Skelp,2026-08-09 16:11:42,0.759,3,skelpdev,2026-08-10 18:11:42
645,16671347,Shivam Shinde,2026-08-10 11:42:51,0.759,2,shindeshivam,2026-08-10 18:11:42
646,16676401,FO-SHIZZLE,2026-08-06 19:23:55,0.758,1,mcw0089,2026-08-10 18:11:42
647,16680746,cbjtu,2026-08-10 16:13:58,0.758,10,chenbingjun,2026-08-10 18:11:42
648,16676661,This cat is called Fumi,2026-08-09 07:05:59,0.757,3,qwer556617123,2026-08-10 18:11:42
649,16671479,Daniyal Rahman,2026-08-07 21:28:54,0.757,2,daniyalrahman,2026-08-10 18:11:42
650,16672149,soumic 1088,2026-08-08 13:59:20,0.756,6,soumic1088,2026-08-10 18:11:42
651,16686577,SOSyuki,2026-08-10 13:30:37,0.756,4,sosyuki,2026-08-10 18:11:42
652,16676206,Akira Hirohashi,2026-08-06 21:36:28,0.756,1,akirahirohashi,2026-08-10 18:11:42
653,16669000,Sergi Bas,2026-08-07 11:02:48,0.754,4,sergibas,2026-08-10 18:11:42
654,16683676,Nil Lic,2026-08-10 08:58:12,0.751,4,nillic,2026-08-10 18:11:42
655,16668943,dpquoc,2026-08-09 11:29:09,0.75,2,dpquoc,2026-08-10 18:11:42
656,16669029,Zulqar,2026-08-06 09:33:44,0.75,6,johndoe2011,2026-08-10 18:11:42
657,16669572,Danielle Lesin,2026-08-07 13:31:17,0.747,9,ladyfaye,2026-08-10 18:11:42
658,16678961,Igor Orlachev,2026-08-10 10:06:59,0.747,2,igororlachev,2026-08-10 18:11:42
659,16671009,xl aruol,2026-08-08 08:13:29,0.746,3,xlaruol,2026-08-10 18:11:42
660,16678365,Emil Lambert,2026-08-10 14:14:17,0.745,3,emillambert,2026-08-10 18:11:42
661,16680131,fishface,2026-08-09 06:30:28,0.744,1,fishface,2026-08-10 18:11:42
662,16685150,KALmia,2026-08-08 09:07:22,0.744,2,kalmia2000,2026-08-10 18:11:42
663,16678577,Spyros,2026-08-07 11:15:44,0.743,2,spyrosap,2026-08-10 18:11:42
664,16684560,Sarvesh Talele,2026-08-08 18:12:40,0.743,7,sarveshtalele,2026-08-10 18:11:42
665,16672182,Venkat Balaji S,2026-08-09 10:52:40,0.743,1,dataarthur,2026-08-10 18:11:42
666,16671437,Matulich,2026-08-09 20:21:44,0.743,3,patrickmatulich,2026-08-10 18:11:42
667,16671131,M2Faqir,2026-08-10 00:35:24,0.742,2,m2faqir,2026-08-10 18:11:42
668,16672553,ShelterW,2026-08-10 09:34:11,0.742,2,shelterw,2026-08-10 18:11:42
669,16686281,Antoine Matemane Mahirwe,2026-08-10 05:02:40,0.741,8,antoinemah,2026-08-10 18:11:42
670,16689587,pwdh2026,2026-08-09 23:24:14,0.741,1,pwdh2026,2026-08-10 18:11:42
671,16672662,Alexey Filimonov,2026-08-06 08:19:06,0.741,1,alexeyfil,2026-08-10 18:11:42
672,16699829,brokenBone,2026-08-10 12:51:32,0.74,2,victorokpe,2026-08-10 18:11:42
673,16670992,🦵🔥🥵,2026-08-06 07:14:26,0.739,1,theonetheonly,2026-08-10 18:11:42
674,16672965,Aleksandr  Larko,2026-08-06 08:21:13,0.739,1,alexxanderlarko,2026-08-10 18:11:42
675,16673117,ygurar,2026-08-06 08:37:03,0.739,1,ygurar,2026-08-10 18:11:42
676,16672837,fakhri faros,2026-08-06 09:23:39,0.739,1,fakhrifarosss,2026-08-10 18:11:42
677,16672411,Vladimir Voitovich,2026-08-06 10:37:23,0.739,1,hitimai,2026-08-10 18:11:42
678,16670379,Gordeev Max,2026-08-06 03:05:50,0.735,2,gordeevmax,2026-08-10 18:11:42
679,16671610,DoubleZs,2026-08-06 03:08:33,0.735,1,zhang051018,2026-08-10 18:11:42
680,16669257,xixi,2026-08-06 03:28:21,0.735,1,huangcarry26,2026-08-10 18:11:42
681,16671383,zihan,2026-08-06 03:35:42,0.735,2,"nale1111,yuepixing",2026-08-10 18:11:42
682,16679539,Yash Katiyar,2026-08-09 21:06:02,0.735,3,yashkatiyar409,2026-08-10 18:11:42
683,16674572,Radu Stefan,2026-08-08 16:12:04,0.735,2,animamundi820,2026-08-10 18:11:42
684,16674796,Claude's Plan,2026-08-10 11:34:50,0.735,4,"bohdankolisnyk,denyspushkaruks",2026-08-10 18:11:42
685,16684608,Abdoulaye DIAW,2026-08-10 10:48:34,0.732,15,abdoulayediaw25,2026-08-10 18:11:42
686,16685297,ET,2026-08-09 17:44:33,0.731,9,etakaya,2026-08-10 18:11:42
687,16674588,Hassan Assad1,2026-08-07 10:45:50,0.731,1,hassanassad1,2026-08-10 18:11:42
688,16671161,Khalis-ux,2026-08-06 10:31:59,0.729,1,khalisux,2026-08-10 18:11:42
689,16679569,小出和見,2026-08-09 08:42:45,0.728,9,kzmk8d,2026-08-10 18:11:42
690,16681129,khalil ayeb,2026-08-08 22:23:56,0.728,8,khalilayeb,2026-08-10 18:11:42
691,16669234,kreininmv,2026-08-10 09:11:32,0.726,3,kreininmv,2026-08-10 18:11:42
692,16689048,arman1o1,2026-08-10 08:14:39,0.726,2,arman1o1,2026-08-10 18:11:42
693,16687154,Jake O'Brien,2026-08-10 08:48:19,0.724,3,jakeobr1en,2026-08-10 18:11:42
694,16671745,Kendamarron,2026-08-09 13:01:21,0.721,3,kazuhirokuriyama,2026-08-10 18:11:42
695,16681967,sven weidenmann,2026-08-08 05:40:11,0.72,2,svenweidenmann,2026-08-10 18:11:42
696,16692681,Roshan S. Chauhan,2026-08-10 06:31:54,0.719,1,vrosenta,2026-08-10 18:11:42
697,16674693,Stefano Billeter,2026-08-10 12:45:44,0.717,8,stefanobilleter,2026-08-10 18:11:42
698,16672347,Aiden Hopkins,2026-08-09 15:58:54,0.714,3,aidenhopkins,2026-08-10 18:11:42
699,16669723,_UwU_,2026-08-09 03:30:08,0.711,2,claudesewitz,2026-08-10 18:11:42
700,16695357,Mahit Chopra,2026-08-09 20:09:15,0.709,3,mahitchopra,2026-08-10 18:11:42
701,16670231,Porch Goose,2026-08-06 11:25:48,0.709,2,jaclyndeem,2026-08-10 18:11:42
702,16676412,Drakus,2026-08-10 13:00:59,0.707,7,drakus74,2026-08-10 18:11:42
703,16685787,cottoncandy,2026-08-08 02:49:32,0.703,3,"cottoncandy1,saaranshpandey",2026-08-10 18:11:42
704,16677862,ASMIT GANGULY,2026-08-09 06:20:19,0.702,1,asmitganguly,2026-08-10 18:11:42
705,16670337,Greedy $$$,2026-08-10 03:57:56,0.698,21,"zaouiyassine,zeinebgahbiche",2026-08-10 18:11:42
706,16672681,Hassan Alghamoudi,2026-08-10 11:25:28,0.696,11,hassanabdulhafid,2026-08-10 18:11:42
707,16688200,LED,2026-08-09 07:17:52,0.696,2,"erikcahyadi,longhuy17,mhpham",2026-08-10 18:11:42
708,16685805,HMarinov,2026-08-09 21:46:43,0.695,2,hmarinov97,2026-08-10 18:11:42
709,16689955,Khawar Ali,2026-08-09 18:49:38,0.695,3,sneakyscientist,2026-08-10 18:11:42
710,16670904,Kentaggle26,2026-08-09 12:17:09,0.694,5,kentaggle26,2026-08-10 18:11:42
711,16674134,Yaxon,2026-08-10 07:44:19,0.693,1,aurax7,2026-08-10 18:11:42
712,16677022,sneha1901,2026-08-10 10:31:19,0.693,4,sneha1901,2026-08-10 18:11:42
713,16678483,Dhiyaa Al Jorf,2026-08-10 10:24:08,0.69,1,dhiyaaaljorf,2026-08-10 18:11:42
714,16678295,dr.procton,2026-08-07 21:18:31,0.689,1,procton,2026-08-10 18:11:42
715,16671360,Saurav,2026-08-09 19:01:32,0.688,3,sauravchat,2026-08-10 18:11:42
716,16670875,Emmanuel Nwankwo,2026-08-06 18:08:55,0.687,1,nwankees,2026-08-10 18:11:42
717,16687132,SurajKumar8642,2026-08-08 11:59:02,0.687,1,surajkumar8642,2026-08-10 18:11:42
718,16678904,Sergey Subbotin,2026-08-10 08:05:02,0.684,1,ssubbotin,2026-08-10 18:11:42
719,16671847,Shirabe,2026-08-09 11:00:20,0.68,2,carlmakt,2026-08-10 18:11:42
720,16670505,Joel De la Cruz Fuertes,2026-08-07 16:58:15,0.679,8,joeldcf,2026-08-10 18:11:42
721,16672539,Luis Umbides,2026-08-07 19:23:01,0.677,1,luisumbides,2026-08-10 18:11:42
722,16672849,rrtopic,2026-08-09 12:06:35,0.676,2,rrtopic,2026-08-10 18:11:42
723,16680046,O. I. Joshua,2026-08-08 08:03:01,0.675,1,ifechuku1,2026-08-10 18:11:42
724,16686648,weimean,2026-08-10 10:50:22,0.674,3,gtwm98,2026-08-10 18:11:42
725,16671121,Arv,2026-08-07 00:04:40,0.673,7,arnavchaturvedi123,2026-08-10 18:11:42
726,16670329,Enrico Ambrosio,2026-08-06 20:09:20,0.673,2,enricoambrosio,2026-08-10 18:11:42
727,16687281,Ho Qi Yuan,2026-08-10 16:46:55,0.672,2,hoqiyuan,2026-08-10 18:11:42
728,16686030,Wissal Ws,2026-08-09 17:43:37,0.672,4,wissalws,2026-08-10 18:11:42
729,16675317,Takayuki Higuchi,2026-08-10 01:08:15,0.671,5,takayukihiguchi,2026-08-10 18:11:42
730,16697740,Pralay Ghosh,2026-08-10 14:08:58,0.67,2,pralayghosh83,2026-08-10 18:11:42
731,16676267,Joseph Elliott,2026-08-08 19:04:25,0.669,6,jwelliott,2026-08-10 18:11:42
732,16671549,harryeps,2026-08-07 20:12:45,0.669,1,harryeps,2026-08-10 18:11:42
733,16681911,syouya tobita,2026-08-09 18:24:11,0.669,1,syouyatobita,2026-08-10 18:11:42
734,16688874,Yusuf Yüksel,2026-08-09 10:14:45,0.667,2,yusufyksel55,2026-08-10 18:11:42
735,16670606,Hanif Noer Rofiq,2026-08-06 11:41:35,0.667,3,hanifnoerrofiq,2026-08-10 18:11:42
736,16678838,Helina Tefera,2026-08-08 22:15:47,0.665,2,helinatefera,2026-08-10 18:11:42
737,16678028,JerryMouse,2026-08-09 16:59:39,0.664,2,lingxd,2026-08-10 18:11:42
738,16687879,Paul Chuyes,2026-08-09 15:15:45,0.662,8,paulchuyes,2026-08-10 18:11:42
739,16677845,IamGRootMSE,2026-08-09 15:13:47,0.661,4,iamgrootmse,2026-08-10 18:11:42
740,16682982,Srikant Shubham,2026-08-09 17:22:53,0.66,9,srikantshubham,2026-08-10 18:11:42
741,16680054,Adithya AK,2026-08-07 11:22:15,0.659,3,adithyaak29,2026-08-10 18:11:42
742,16681034,Tấn Trọng Huỳnh,2026-08-10 13:01:07,0.658,2,tantrong1706,2026-08-10 18:11:42
743,16694341,Jack Way,2026-08-10 12:25:21,0.658,6,jackway05,2026-08-10 18:11:42
744,16681135,RanjithKumar Ragavan,2026-08-10 14:32:39,0.657,7,ranjithragavan07,2026-08-10 18:11:42
745,16684685,fresh time,2026-08-09 16:19:34,0.656,4,freshtime,2026-08-10 18:11:42
746,16688341,João Victor,2026-08-10 00:35:17,0.655,6,jvlegend,2026-08-10 18:11:42
747,16677671,William Alabi,2026-08-08 20:07:42,0.653,4,williamalabi,2026-08-10 18:11:42
748,16675782,Kevin E R MILLE,2026-08-10 06:20:13,0.652,10,kevinermille,2026-08-10 18:11:42
749,16670928,Yohannes Baye,2026-08-10 07:52:15,0.651,3,yohannesbaye,2026-08-10 18:11:42
750,16685163,IamSenso,2026-08-08 16:56:27,0.65,2,iamsenso,2026-08-10 18:11:42
751,16685188,Bhuvanesh Singla,2026-08-07 15:06:25,0.647,1,bhuvaneshsingla,2026-08-10 18:11:42
752,16679108,Vladimir Annenkov,2026-08-07 10:37:21,0.646,1,vladimirannenkovml,2026-08-10 18:11:42
753,16685868,oliver,2026-08-07 17:34:36,0.645,5,oliverlang,2026-08-10 18:11:42
754,16678086,Ariel Alejandro Amadio,2026-08-10 13:02:19,0.644,4,arielalejandroamadio,2026-08-10 18:11:42
755,16678596,Angkon_halder_777,2026-08-10 09:19:58,0.643,2,angkonhalder777,2026-08-10 18:11:42
756,16671755,Tamerlan Omralinov,2026-08-09 15:49:17,0.643,5,tamerlanomralinov,2026-08-10 18:11:42
757,16683494,dataWr3cker,2026-08-08 07:56:19,0.642,2,gourabr0y555,2026-08-10 18:11:42
758,16670888,tereka,2026-08-10 07:13:07,0.64,1,tereka,2026-08-10 18:11:42
759,16683743,DevsXX,2026-08-07 18:09:09,0.64,1,"kartik27s12,krishgos",2026-08-10 18:11:42
760,16684403,Mohammad Shadab Shaikh,2026-08-09 18:30:22,0.64,11,mohammadshadabshaikh,2026-08-10 18:11:42
761,16672197,kif,2026-08-10 03:10:51,0.639,2,echigobran,2026-08-10 18:11:42
762,16690009,Arnab Nandy,2026-08-10 01:06:07,0.637,11,arnabnandy2,2026-08-10 18:11:42
763,16692358,itatchy otcheha,2026-08-10 15:46:35,0.636,1,itatchyotcheha,2026-08-10 18:11:42
764,16691299,Saanvi Belede Naga,2026-08-09 18:08:18,0.635,4,saanvibeledenaga,2026-08-10 18:11:42
765,16671301,Disleve Kanku,2026-08-10 01:00:12,0.634,2,dislevekanku,2026-08-10 18:11:42
766,16691581,Ashiqqq,2026-08-10 14:58:16,0.633,8,ashiqqq,2026-08-10 18:11:42
767,16694655,PISETH SENG,2026-08-10 12:00:30,0.633,3,catejsj,2026-08-10 18:11:42
768,16670722,Dhavan Shah,2026-08-05 22:43:35,0.63,1,dhavanshah99,2026-08-10 18:11:42
769,16671191,PARAG VIJAY PAWAR,2026-08-06 02:05:56,0.63,1,paragpawar2008,2026-08-10 18:11:42
770,16675298,Yuki.O,2026-08-10 09:04:03,0.63,5,yukiohkawa,2026-08-10 18:11:42
771,16679561,Vu Duy Kien,2026-08-10 07:30:06,0.627,2,vuduykien,2026-08-10 18:11:42
772,16681109,strike,2026-08-09 05:58:14,0.627,3,nicolia,2026-08-10 18:11:42
773,16690235,Sudipto Event,2026-08-08 18:38:49,0.627,3,sudiptoevent,2026-08-10 18:11:42
774,16669588,Mobzya,2026-08-05 21:08:15,0.625,3,mobzya,2026-08-10 18:11:42
775,16682022,_abu_hanif05,2026-08-10 07:21:22,0.624,11,abuhanif05,2026-08-10 18:11:42
776,16677007,Suryansh Vashisth,2026-08-08 13:40:51,0.622,3,songoku2005,2026-08-10 18:11:42
777,16670261,AnthonyTherrien,2026-08-05 20:16:43,0.621,1,anthonytherrien,2026-08-10 18:11:42
778,16670306,Roland Luethy,2026-08-06 18:05:38,0.621,1,rluethy,2026-08-10 18:11:42
779,16670750,hazy_viper,2026-08-09 07:59:24,0.619,3,ttsuyaogawa,2026-08-10 18:11:42
780,16688280,Luke Stafford,2026-08-09 10:51:48,0.617,3,luketstafford,2026-08-10 18:11:42
781,16682319,ROHAN DAS,2026-08-07 12:08:45,0.617,1,rohankudas,2026-08-10 18:11:42
782,16682538,Adithya Vijayakumar,2026-08-07 15:31:17,0.616,1,adithyavijayakumar,2026-08-10 18:11:42
783,16669730,PRASAD,2026-08-06 17:14:39,0.616,1,sawantprasad036,2026-08-10 18:11:42
784,16670695,Toufiq Musah,2026-08-07 18:42:09,0.614,1,toufiqmusah,2026-08-10 18:11:42
785,16693429,Javier,2026-08-10 03:32:56,0.612,1,javiernavas,2026-08-10 18:11:42
786,16672223,Arthur Kim,2026-08-10 09:17:14,0.611,9,lkntrp,2026-08-10 18:11:42
787,16683896,hyemin9999,2026-08-09 12:05:21,0.611,4,hyemin9999,2026-08-10 18:11:42
788,16689414,Saikat Paul,2026-08-09 09:51:42,0.61,1,bsaikatpaul,2026-08-10 18:11:42
789,16692665,Busya PRIME,2026-08-08 21:30:48,0.609,1,busyaprime,2026-08-10 18:11:42
790,16679667,MeeMee,2026-08-10 15:31:05,0.608,3,yagi46,2026-08-10 18:11:42
791,16673723,Pascal,2026-08-10 02:10:34,0.608,6,pascalledesma,2026-08-10 18:11:42
792,16686367,Chandra Yakkali,2026-08-10 03:57:19,0.604,10,chandrayakkali,2026-08-10 18:11:42
793,16684825,wizard,2026-08-10 13:14:13,0.602,1,manyagupta1337,2026-08-10 18:11:42
794,16675299,HAIM_Matrix,2026-08-08 20:32:33,0.602,2,"dlordsjustified,jezrealmomoh,penieljay,thepatrickchukwu,tochukwufavour",2026-08-10 18:11:42
795,16670764,tensor choko,2026-08-05 23:01:33,0.602,1,tensorchoko,2026-08-10 18:11:42
796,16671282,Richie,2026-08-10 10:47:23,0.6,3,starringo,2026-08-10 18:11:42
797,16689938,Hitarth Pandey,2026-08-09 03:14:35,0.598,1,hitarthpandey,2026-08-10 18:11:42
798,16687814,Vaidehee Dongre ,2026-08-10 00:25:27,0.596,3,vaideheedongre,2026-08-10 18:11:42
799,16680574,BeTitanX,2026-08-09 23:23:49,0.595,8,betitanx,2026-08-10 18:11:42
800,16676812,Aviral Trivedi,2026-08-09 08:52:57,0.593,1,aviral342,2026-08-10 18:11:42
801,16695001,Gunjan Kumar,2026-08-10 17:27:01,0.591,2,gunjank075,2026-08-10 18:11:42
802,16672605,bawr,2026-08-10 11:26:42,0.59,1,bauyrzhaniskakov,2026-08-10 18:11:42
803,16678516,Saivardhan98,2026-08-08 20:20:28,0.589,5,saivardhan98,2026-08-10 18:11:42
804,16669211,Naji,2026-08-07 23:48:40,0.589,9,najiama,2026-08-10 18:11:42
805,16693742,Naisha Gajkandh,2026-08-09 08:22:06,0.589,1,naishagajkandh,2026-08-10 18:11:42
806,16675436,Siva Kumar,2026-08-10 12:32:09,0.587,12,sivapnlr80,2026-08-10 18:11:42
807,16679628,Biraj Thapa,2026-08-07 16:34:01,0.586,2,birajthapa07,2026-08-10 18:11:42
808,16685705,Yusuke Togashi,2026-08-10 16:58:06,0.586,14,yusuketogashi,2026-08-10 18:11:42
809,16692757,Amay Annasamudram,2026-08-10 03:00:17,0.586,6,amayan05,2026-08-10 18:11:42
810,16680548,Raghav Parasher,2026-08-10 11:03:21,0.586,5,raghavparasher,2026-08-10 18:11:42
811,16671178,Chen Nora,2026-08-06 01:33:48,0.585,1,chennora,2026-08-10 18:11:42
812,16683504,SHOKHZOD ABDURAKHIMOV,2026-08-07 10:51:39,0.585,1,shokhzodabdurakhimov,2026-08-10 18:11:42
813,16684481,Vince Zsumbera,2026-08-09 18:12:06,0.585,3,vincezsumbera,2026-08-10 18:11:42
814,16687769,Jose Luis Sabogal U,2026-08-10 04:02:25,0.585,1,joseluissabogal,2026-08-10 18:11:42
815,16672090,josezhang1103,2026-08-09 16:45:07,0.584,3,zhangyufan1103,2026-08-10 18:11:42
816,16682734,Bastina Vlad Andrei,2026-08-07 13:54:40,0.581,4,vladbastina,2026-08-10 18:11:42
817,16679222,James Atteh,2026-08-10 13:20:41,0.58,10,jamesatteh,2026-08-10 18:11:42
818,16670557,Jason Yoon,2026-08-06 02:35:45,0.578,1,jasongyoon,2026-08-10 18:11:42
819,16680334,Alberto Sornoza,2026-08-07 07:03:25,0.578,5,albertosornoza,2026-08-10 18:11:42
820,16669289,lucky cat,2026-08-07 11:39:44,0.575,3,chenjungming,2026-08-10 18:11:42
821,16680556,Sami Almuaigl,2026-08-07 18:09:05,0.574,2,samialmuaigl,2026-08-10 18:11:42
822,16672655,mktdev,2026-08-06 19:18:36,0.572,3,mktdev,2026-08-10 18:11:42
823,16681500,LEONELBC,2026-08-07 23:30:20,0.571,3,"leonelbc,valentinaclaros",2026-08-10 18:11:42
824,16685830,zx samson,2026-08-10 06:07:46,0.571,1,zxsamson,2026-08-10 18:11:42
825,16676997,alann batista,2026-08-07 16:40:52,0.571,8,alannbatista,2026-08-10 18:11:42
826,16686350,migbolivar,2026-08-08 13:19:03,0.569,5,migbolivar,2026-08-10 18:11:42
827,16690460,vijay9666019317,2026-08-09 06:27:10,0.566,1,vijay9666019317,2026-08-10 18:11:42
828,16678335,himanshu chandela,2026-08-07 10:55:12,0.566,4,himanshuchandela,2026-08-10 18:11:42
829,16670010,Mohamed aziz blaidi,2026-08-06 23:48:23,0.565,2,mohamedazizblaidi,2026-08-10 18:11:42
830,16683607,holamigohello,2026-08-10 15:46:16,0.565,2,holamigohello,2026-08-10 18:11:42
831,16678535,CaMaLabs,2026-08-10 15:29:32,0.564,12,camalabs,2026-08-10 18:11:42
832,16680116,Podila Sai Bhargav,2026-08-07 03:05:56,0.564,1,podilasaibhargav,2026-08-10 18:11:42
833,16693933,paisan,2026-08-10 05:47:39,0.561,1,"prikshitkaajla,swayamkapila",2026-08-10 18:11:42
834,16675247,Mukul Sharma,2026-08-08 12:12:22,0.561,3,mukul0584,2026-08-10 18:11:42
835,16686727,DecoFurkan2,2026-08-08 17:19:29,0.56,3,decofurkan2,2026-08-10 18:11:42
836,16677993,BOSAI,2026-08-08 08:46:49,0.558,1,arthurfranckz,2026-08-10 18:11:42
837,16685544,Mohammad Yaser Hussain,2026-08-08 16:50:24,0.558,1,mohammadyaserhussain,2026-08-10 18:11:42
838,16696768,maximo lorenzo y losada,2026-08-10 14:38:26,0.557,8,maximolorenzoylosada,2026-08-10 18:11:42
839,16677453,Mayank Dhodi,2026-08-10 15:38:12,0.556,1,mayankdhodi,2026-08-10 18:11:42
840,16682802,zlka,2026-08-07 08:07:59,0.556,1,z3lkahmet,2026-08-10 18:11:42
841,16677725,Rakibbhai,2026-08-08 21:25:35,0.553,2,rakibbhai,2026-08-10 18:11:42
842,16690507,Aditya #3,2026-08-09 07:03:01,0.551,2,a0x1ab,2026-08-10 18:11:42
843,16673099,Robin Herz89,2026-08-07 06:56:25,0.55,2,robinherz89,2026-08-10 18:11:42
844,16677826,TABOUT MHAMED,2026-08-09 20:29:32,0.548,3,taboutmhamed,2026-08-10 18:11:42
845,16678387,Ayaan Ghosh,2026-08-07 02:48:14,0.547,2,ayan9001,2026-08-10 18:11:42
846,16695381,Aiden-Kwak,2026-08-09 11:46:30,0.547,1,aidenkwak,2026-08-10 18:11:42
847,16678520,Dr.Eldirdiri Fadol ,2026-08-08 12:46:07,0.546,4,dreldirdirifadol,2026-08-10 18:11:42
848,16678983,hector cardenas,2026-08-09 20:24:57,0.543,4,hectorcardenas,2026-08-10 18:11:42
849,16680296,AlunoPatriota,2026-08-07 02:22:47,0.543,1,alunopatriota,2026-08-10 18:11:42
850,16675109,Ιωάννης Σταμελιάς,2026-08-09 18:32:27,0.542,8,giannhsstamelias,2026-08-10 18:11:42
851,16687394,Preston McCauley,2026-08-08 04:23:13,0.539,2,prestonmccauley,2026-08-10 18:11:42
852,16688971,Parth Mall,2026-08-08 14:04:09,0.538,1,parthmall,2026-08-10 18:11:42
853,16688648,Deepak R L,2026-08-09 03:30:45,0.538,5,deepakrl,2026-08-10 18:11:42
854,16685803,Selim Akl,2026-08-07 16:40:10,0.537,1,selimakl,2026-08-10 18:11:42
855,16669679,Umut Keltek,2026-08-09 23:36:01,0.537,15,umutkeltek,2026-08-10 18:11:42
856,16688191,Adjie Prasetya,2026-08-09 09:15:44,0.536,3,adjieprasetya,2026-08-10 18:11:42
857,16670234,Kirill Molostov,2026-08-08 21:09:31,0.535,1,kirillmolostov,2026-08-10 18:11:42
858,16689421,Vimal_ML,2026-08-08 12:52:49,0.535,1,vimalml,2026-08-10 18:11:42
859,16688480,KVNN,2026-08-10 07:45:32,0.534,1,iinaamasum01,2026-08-10 18:11:42
860,16685593,Deekshitha K S,2026-08-08 09:19:41,0.533,5,deekshithakarnati21,2026-08-10 18:11:42
861,16679636,Sarah-J-Dias,2026-08-09 01:32:40,0.533,2,sarahjdias,2026-08-10 18:11:42
862,16673421,sixer srinath,2026-08-08 16:32:17,0.533,7,srinath2495,2026-08-10 18:11:42
863,16670251,febrifahmi,2026-08-09 19:36:04,0.531,5,febrifahmi,2026-08-10 18:11:42
864,16693022,maesaer,2026-08-09 21:33:26,0.529,2,maesaer,2026-08-10 18:11:42
865,16670648,Justin Arndt,2026-08-09 21:54:24,0.528,5,justinarndt,2026-08-10 18:11:42
866,16684659,Alisha Khan,2026-08-07 17:18:17,0.527,2,alishhakhan,2026-08-10 18:11:42
867,16679624,José Veraldo (José Neto),2026-08-09 22:26:57,0.527,5,josveraldojosneto,2026-08-10 18:11:42
868,16680140,Julio Contreras,2026-08-10 10:07:25,0.527,8,juliocontreras,2026-08-10 18:11:42
869,16679414,Pankhuri001,2026-08-09 10:20:53,0.526,1,pankhuri001,2026-08-10 18:11:42
870,16678818,Aaradhy Singhvi,2026-08-09 17:40:20,0.526,2,aaradhysinghvi,2026-08-10 18:11:42
871,16670946,ممدوح,2026-08-10 02:04:43,0.526,12,mamdouhbarkat,2026-08-10 18:11:42
872,16690649,Mohamad Orfali,2026-08-09 15:20:35,0.526,1,mohamadorfali,2026-08-10 18:11:42
873,16697772,Zaina El Alim,2026-08-09 21:20:50,0.526,5,zainaelalim,2026-08-10 18:11:42
874,16671513,micheal ehab4,2026-08-09 22:06:21,0.525,1,michealehab4,2026-08-10 18:11:42
875,16683926,sharmamayank221,2026-08-09 07:56:05,0.524,3,sharmamayank221,2026-08-10 18:11:42
876,16695110,Nguyễn Đăng Khoa,2026-08-10 01:03:21,0.524,4,nguynngkhoawedrt,2026-08-10 18:11:42
877,16680535,ianwulalala,2026-08-09 18:10:33,0.523,3,ianwulalala,2026-08-10 18:11:42
878,16675976,Maksim Khotinsky,2026-08-09 20:37:39,0.523,6,assistentus,2026-08-10 18:11:42
879,16683237,RupsaSaha,2026-08-10 09:33:06,0.522,3,rupsajina,2026-08-10 18:11:42
880,16689334,Nihal Vellaramkallingal Sulaiman,2026-08-08 08:21:20,0.52,5,vsnihal,2026-08-10 18:11:42
881,16687063,Marcell Molnar,2026-08-09 10:38:25,0.52,4,marcellmolnar,2026-08-10 18:11:42
882,16688457,Testete,2026-08-09 05:56:59,0.518,3,testeteteste,2026-08-10 18:11:42
883,16687578,Zak Boughlita,2026-08-09 19:05:29,0.518,4,zakboughlita,2026-08-10 18:11:42
884,16686353,Tran duc anh ,2026-08-10 15:25:00,0.518,1,ducanh2,2026-08-10 18:11:42
885,16673047,rsato0731,2026-08-07 12:15:37,0.517,1,rsato0731,2026-08-10 18:11:42
886,16680117,Andrea,2026-08-08 00:16:44,0.517,3,andparr,2026-08-10 18:11:42
887,16679572,ихсан саурыков,2026-08-06 22:50:46,0.516,1,ihsanto,2026-08-10 18:11:42
888,16699190,Vikram Tiwari,2026-08-10 07:06:04,0.515,2,vikramtiwari,2026-08-10 18:11:42
889,16686044,samreen sami,2026-08-09 18:37:07,0.515,2,samreensami,2026-08-10 18:11:42
890,16682944,The Neural Scalpel,2026-08-10 17:17:52,0.514,8,theunknowndev,2026-08-10 18:11:42
891,16671018,Kursat K,2026-08-08 02:49:38,0.514,3,minercoder,2026-08-10 18:11:42
892,16670968,YogaNukko,2026-08-10 06:32:38,0.513,1,takahitomizunobyts,2026-08-10 18:11:42
893,16677074,KiKi,2026-08-07 13:39:47,0.513,4,kingkiller2164,2026-08-10 18:11:42
894,16672422,Iris Nguyen,2026-08-06 10:28:02,0.513,1,irisnguyen2012,2026-08-10 18:11:42
895,16678426,Shub-ways,2026-08-10 06:30:14,0.513,3,meshubhamkr,2026-08-10 18:11:42
896,16689163,David Adekanmi,2026-08-09 16:09:38,0.513,2,davidadekanmi,2026-08-10 18:11:42
897,16682736,Maud Delattre,2026-08-10 16:29:16,0.512,2,mauddelattre,2026-08-10 18:11:42
898,16691184,Frederick K Arthur,2026-08-10 01:01:49,0.512,1,frederickkarthur,2026-08-10 18:11:42
899,16683196,kmn,2026-08-10 12:52:15,0.512,1,kmatsu01,2026-08-10 18:11:42
900,16687409,GOPIKRISHNAN T C,2026-08-10 05:50:34,0.511,2,gopikrishnantc,2026-08-10 18:11:42
901,16678837,Dakota Vannauker,2026-08-06 22:46:39,0.511,5,dakotavannauker,2026-08-10 18:11:42
902,16695911,Chunyi Liu,2026-08-09 14:00:54,0.511,2,cliu238,2026-08-10 18:11:42
903,16701154,Yash Ingole,2026-08-10 13:04:38,0.511,1,reinforcedengineer,2026-08-10 18:11:42
904,16679319,Dimitrios Giannoulis,2026-08-08 13:29:08,0.51,1,plagiagia,2026-08-10 18:11:42
905,16668997,Nimit_45,2026-08-10 11:39:37,0.51,2,nimitmistry,2026-08-10 18:11:42
906,16679824,Harshul Gupta,2026-08-07 02:06:22,0.509,2,harshulgupta77,2026-08-10 18:11:42
907,16687513,SimsallaGrimm,2026-08-07 20:30:19,0.509,1,simsallagrimm,2026-08-10 18:11:42
908,16691006,Chirapathleo Saelim,2026-08-08 16:16:35,0.509,1,chirapathleosaelim,2026-08-10 18:11:42
909,16675181,HRUGWED ZAGADE,2026-08-07 08:11:57,0.508,2,hrugwedzagade,2026-08-10 18:11:42
910,16690081,tam,2026-08-09 07:42:36,0.508,1,tomkake,2026-08-10 18:11:42
911,16688751,easonyanyan,2026-08-08 23:08:18,0.507,2,easonyanyan,2026-08-10 18:11:42
912,16672654,Avik Das,2026-08-06 18:35:18,0.507,2,avikdas567,2026-08-10 18:11:42
913,16677284,Gaddale Jaswanth Rao,2026-08-08 19:57:51,0.506,4,gaddalejaswanthrao,2026-08-10 18:11:42
914,16687614,Ahmed Mobasher,2026-08-10 00:33:06,0.506,1,ahmedmobasher86,2026-08-10 18:11:42
915,16676869,Panagiotis Anagnostou,2026-08-10 11:36:26,0.505,1,panosanag,2026-08-10 18:11:42
916,16678931,Erdem Bozyel,2026-08-07 12:40:43,0.505,1,erdembozyel,2026-08-10 18:11:42
917,16687878,Dawood Azeeza,2026-08-08 18:58:49,0.505,1,dawoodazeeza,2026-08-10 18:11:42
918,16688055,Leumas Haiid,2026-08-10 12:50:34,0.504,3,leumashaiid,2026-08-10 18:11:42
919,16678120,Rilen T. L.,2026-08-09 03:04:39,0.503,2,rilentl,2026-08-10 18:11:42
920,16683279,Rushikesh Gaonkar,2026-08-09 12:46:37,0.503,4,rushikeshgaonkar,2026-08-10 18:11:42
921,16687481,M. Mudassar,2026-08-10 14:27:37,0.503,1,malikgt5,2026-08-10 18:11:42
922,16679327,4Solver,2026-08-08 00:21:16,0.502,6,msfbiolinhares,2026-08-10 18:11:42
923,16676266,José Cachucho,2026-08-07 19:45:45,0.502,2,zecach,2026-08-10 18:11:42
924,16698488,Trịnh Quang Minh,2026-08-10 14:34:09,0.502,1,trnhquangminh140,2026-08-10 18:11:42
925,16676959,Taneti Sanjay,2026-08-10 06:53:31,0.501,2,tanetisanjay,2026-08-10 18:11:42
926,16669624,Ranadeep Saha,2026-08-07 17:35:52,0.501,1,ranadeep02,2026-08-10 18:11:42
927,16669144,bsenst,2026-08-06 07:29:45,0.5,5,bnzn261029,2026-08-10 18:11:42
928,16682395,SHIJIE CHEN,2026-08-08 00:42:20,0.5,4,kagurakurage,2026-08-10 18:11:42
929,16668972,Kapilraj R,2026-08-06 01:59:05,0.5,3,kapilrajr,2026-08-10 18:11:42
930,16669654,Yuki_ARL,2026-08-05 18:08:40,0.5,1,yukiarl,2026-08-10 18:11:42
931,16669994,primal,2026-08-06 01:16:15,0.5,1,primalhost,2026-08-10 18:11:42
932,16672336,Chaitanya Sonaje,2026-08-07 13:02:00,0.5,6,chaitanya205,2026-08-10 18:11:42
933,16673672,Aastha Shayla,2026-08-06 08:30:26,0.5,1,aasthashayla9898,2026-08-10 18:11:42
934,16672755,KjjKjjK3107,2026-08-06 08:50:00,0.5,1,"drashtisingh14,kjjkjjk3107",2026-08-10 18:11:42
935,16674596,Luka Duvanov,2026-08-06 11:36:26,0.5,1,nekkon,2026-08-10 18:11:42
936,16674968,Shyaam Nanthan,2026-08-06 12:01:01,0.5,1,shyaamnanthan,2026-08-10 18:11:42
937,16675102,さめしま,2026-08-06 13:28:25,0.5,2,masahikosameshima,2026-08-10 18:11:42
938,16675584,Tarun227,2026-08-06 14:41:33,0.5,1,tarun227,2026-08-10 18:11:42
939,16677483,Guruguhan Sivakumar,2026-08-06 17:42:33,0.5,1,guruguhansivakumar,2026-08-10 18:11:42
940,16677055,Pes Papankon,2026-08-06 18:34:18,0.5,5,pespapankon,2026-08-10 18:11:42
941,16678228,thAbs,2026-08-06 22:11:32,0.5,1,thiagoabreu,2026-08-10 18:11:42
942,16679712,Santo Paul,2026-08-07 00:47:54,0.5,1,santopaul,2026-08-10 18:11:42
943,16677638,Fratres X AI,2026-08-07 15:23:17,0.5,3,kbean413,2026-08-10 18:11:42
944,16680181,Bedashree Swarupa Das,2026-08-07 12:37:20,0.5,4,ashokkumardasbedashr,2026-08-10 18:11:42
945,16679906,Amey Mestry 4218,2026-08-07 21:40:29,0.5,3,ameymestry4218,2026-08-10 18:11:42
946,16680661,Bhaskar Manepalli,2026-08-07 12:28:29,0.5,5,bhaskarmanepalli,2026-08-10 18:11:42
947,16673067,Ashish Kumar Dwivedi,2026-08-08 05:58:00,0.5,3,adpassward709,2026-08-10 18:11:42
948,16676871,Floukie,2026-08-07 04:44:20,0.5,2,vantavek,2026-08-10 18:11:42
949,16679921,stunningvn,2026-08-08 05:26:17,0.5,6,dedquoc,2026-08-10 18:11:42
950,16681215,Megha28Deshmukh,2026-08-07 06:25:12,0.5,1,megha28deshmukh,2026-08-10 18:11:42
951,16681145,Chaitanya Jamble,2026-08-07 07:00:25,0.5,4,chaitanyajamble,2026-08-10 18:11:42
952,16682724,Ashikaa Sri Arun,2026-08-07 07:31:17,0.5,1,ashikaasriarun,2026-08-10 18:11:42
953,16678953,Devanshk09,2026-08-07 07:46:08,0.5,1,devanshk09,2026-08-10 18:11:42
954,16674614,hyx0618,2026-08-09 15:56:24,0.5,2,hyx0618,2026-08-10 18:11:42
955,16682590,yunchuan liu,2026-08-10 00:41:51,0.5,2,hoteye,2026-08-10 18:11:42
956,16684301,qpoch,2026-08-07 11:29:36,0.5,1,qpochlabs,2026-08-10 18:11:42
957,16676920,SiddarthNayak50,2026-08-07 14:00:24,0.5,2,siddarthnayak50,2026-08-10 18:11:42
958,16685230,Vaibhav Tyagi,2026-08-07 13:52:28,0.5,1,vaibhavattri,2026-08-10 18:11:42
959,16671187,kitakuriya315,2026-08-10 00:55:15,0.5,3,kitakuriya315,2026-08-10 18:11:42
960,16678740,Yinan Zhu,2026-08-10 01:50:42,0.5,2,yinan08,2026-08-10 18:11:42
961,16686854,YASH FIRAKE,2026-08-07 18:42:07,0.5,1,yashfirake,2026-08-10 18:11:42
962,16686202,Amit Ajit Kumar,2026-08-08 18:12:13,0.5,5,amitajitkumar,2026-08-10 18:11:42
963,16687339,Panchal Preet,2026-08-07 20:15:19,0.5,1,panchalpreet,2026-08-10 18:11:42
964,16687108,Anshum Bansode,2026-08-07 20:33:55,0.5,2,anshumbansode,2026-08-10 18:11:42
965,16687679,Lucca Nanoia,2026-08-07 21:25:36,0.5,1,luccananoia,2026-08-10 18:11:42
966,16687741,Andreas @ Tenki Labs,2026-08-07 21:25:53,0.5,1,andreasgronbeck,2026-08-10 18:11:42
967,16685221,Cheng Ting Lin,2026-08-08 11:35:37,0.5,2,chengtinglin,2026-08-10 18:11:42
968,16670369,rkd,2026-08-08 00:19:45,0.5,1,ryookd,2026-08-10 18:11:42
969,16678603,quantcrypto3,2026-08-08 01:17:35,0.5,1,quantcrypto3,2026-08-10 18:11:42
970,16677255,Celaris,2026-08-08 02:11:53,0.5,1,danilopedroso,2026-08-10 18:11:42
971,16674564,g0bsters,2026-08-08 07:13:16,0.5,1,g0bsters,2026-08-10 18:11:42
972,16682461,willyp74,2026-08-08 08:16:27,0.5,1,willyp74,2026-08-10 18:11:42
973,16684781,Aman Gupta,2026-08-08 12:04:34,0.5,2,amanguptanit,2026-08-10 18:11:42
974,16687017,ADITYA RAJ #2,2026-08-09 00:04:15,0.5,6,adityaraj0612,2026-08-10 18:11:42
975,16684064,Shoroogh Ahmadi,2026-08-08 11:23:20,0.5,1,shorooghahmadi,2026-08-10 18:11:42
976,16678235,Yuvraj Bhatkariya,2026-08-08 12:36:19,0.5,2,yuvrajbhatkariya,2026-08-10 18:11:42
977,16688902,Lewisely,2026-08-08 12:43:55,0.5,1,lewisely,2026-08-10 18:11:42
978,16675199,minerppdy,2026-08-09 13:05:09,0.5,3,minerppdy,2026-08-10 18:11:42
979,16683276,Keshav Joshi,2026-08-08 17:10:47,0.5,4,keshavjoshi22,2026-08-10 18:11:42
980,16675162,Denise Munchen Brandao,2026-08-08 14:41:04,0.5,1,denisemunchenbrandao,2026-08-10 18:11:42
981,16691341,xiaozhan han,2026-08-08 15:02:03,0.5,1,xiaozhanhan,2026-08-10 18:11:42
982,16690285,Abiram Bharathi S.A,2026-08-10 05:09:51,0.5,7,abirambharathisa,2026-08-10 18:11:42
983,16684791,Frank Westerhoff,2026-08-08 15:40:37,0.5,1,frankwesterhoff,2026-08-10 18:11:42
984,16672183,mahdi,2026-08-08 16:35:06,0.5,1,mbonyani,2026-08-10 18:11:42
985,16686562,Vijay Kumar 229,2026-08-08 18:31:47,0.5,2,vijaykumar229,2026-08-10 18:11:42
986,16676896,Yunus Emre Sarıduman,2026-08-10 11:36:08,0.5,6,emresariduman,2026-08-10 18:11:42
987,16689329,Annice Najafi,2026-08-08 18:06:18,0.5,1,annicenajafi,2026-08-10 18:11:42
988,16691658,Ravindra Chauhan50,2026-08-08 18:08:17,0.5,1,ravindrachauhan50,2026-08-10 18:11:42
989,16692613,EKMorris,2026-08-10 17:35:36,0.5,8,hdraider,2026-08-10 18:11:42
990,16688930,Ahmad Zulfiqar,2026-08-10 10:58:00,0.5,5,ahmadzulfiqar001,2026-08-10 18:11:42
991,16693167,zulfikar isiklar,2026-08-08 23:54:41,0.5,1,zulfikarisiklar,2026-08-10 18:11:42
992,16693163,Yağızhan Keskin,2026-08-09 00:07:16,0.5,1,yazhankeskin,2026-08-10 18:11:42
993,16679251,Fernando Faria,2026-08-09 00:22:33,0.5,1,fernandoadefaria,2026-08-10 18:11:42
994,16676832,Kunal Desale,2026-08-09 02:46:28,0.5,1,kunaldesale2408,2026-08-10 18:11:42
995,16685468,Kandregula V S S V P Krishna Murthy,2026-08-10 14:58:48,0.5,2,kkandregula,2026-08-10 18:11:42
996,16676088,Krishnapatham,2026-08-09 07:38:58,0.5,1,krishnapatham,2026-08-10 18:11:42
997,16669793,Adrián Caderno,2026-08-09 11:11:37,0.5,1,adriancaderno,2026-08-10 18:11:42
998,16690992,IqraM,2026-08-09 12:19:49,0.5,1,iqram2000,2026-08-10 18:11:42
999,16695579,Nikitas Rafael Nikitas,2026-08-09 13:42:59,0.5,1,rafanikitas,2026-08-10 18:11:42
1000,16691137,Diego Cheib Hirsch,2026-08-09 18:10:34,0.5,1,diegocheibhirsch,2026-08-10 18:11:42
1001,16696209,Scio,2026-08-09 19:44:17,0.5,1,siamrahman29,2026-08-10 18:11:42
1002,16693091,Djordje,2026-08-09 21:59:23,0.5,2,djordjelazic,2026-08-10 18:11:42
1003,16697943,Ferhat Ersoy,2026-08-09 21:22:12,0.5,1,ferhatersoy,2026-08-10 18:11:42
1004,16679642,Nathan Humphrey,2026-08-09 21:31:24,0.5,1,goodluckhavefun4,2026-08-10 18:11:42
1005,16697848,Yuki Sahashi,2026-08-10 00:34:30,0.5,1,mourinho384,2026-08-10 18:11:42
1006,16698274,Ahnaf Atef Choudhury,2026-08-10 02:38:21,0.5,1,ahnafatefchoudhury,2026-08-10 18:11:42
1007,16693958,Yong Ming-Jia,2026-08-10 03:10:05,0.5,1,ymingj,2026-08-10 18:11:42
1008,16697470,Galiveeti Poornima,2026-08-10 07:51:48,0.5,2,galiveetipoornima,2026-08-10 18:11:42
1009,16686057,Saminon,2026-08-10 05:34:07,0.5,1,saminon,2026-08-10 18:11:42
1010,16698687,Amr,2026-08-10 05:42:26,0.5,1,elshahed,2026-08-10 18:11:42
1011,16699398,Dariush Afshar,2026-08-10 06:50:31,0.5,1,dariushafshar,2026-08-10 18:11:42
1012,16698630,Sophie555,2026-08-10 07:29:13,0.5,2,sophie555,2026-08-10 18:11:42
1013,16694593,shehab ahmed,2026-08-10 09:14:31,0.5,1,shehabahmed74,2026-08-10 18:11:42
1014,16700901,Yuminosuke Sato,2026-08-10 12:47:08,0.5,1,yuminosukesato,2026-08-10 18:11:42
1015,16692948,Jon Blanchard,2026-08-10 15:12:02,0.5,1,jonblanchard,2026-08-10 18:11:42
1016,16701993,yoonick,2026-08-10 15:47:13,0.5,1,yoonick,2026-08-10 18:11:42
1017,16691294,chee sin,2026-08-10 16:36:00,0.5,1,cheesinnn,2026-08-10 18:11:42
1018,16702164,Ragheb haddara,2026-08-10 17:46:30,0.5,1,l4r3nn,2026-08-10 18:11:42
1019,16683262,PEDRO GOMEZ TEJERINA,2026-08-10 09:27:34,0.498,1,pedrogomeztejerina,2026-08-10 18:11:42
1020,16675681,Luis Enrique Dalmau,2026-08-08 06:44:16,0.498,1,luisenriquedalmau,2026-08-10 18:11:42
1021,16691795,ayo paul,2026-08-10 11:59:19,0.498,2,ayopaul,2026-08-10 18:11:42
1022,16686129,Musa,2026-08-10 10:37:41,0.497,3,zlatmusa,2026-08-10 18:11:42
1023,16683274,⬇️↘️↔️↗️⬆️☑️,2026-08-09 17:58:21,0.497,3,ridhamostefa,2026-08-10 18:11:42
1024,16686347,Parikshit Sen,2026-08-10 05:34:55,0.497,6,parikshitsen,2026-08-10 18:11:42
1025,16676870,noril09,2026-08-07 17:25:05,0.496,1,noril09,2026-08-10 18:11:42
1026,16697864,Khamzat Chakhkiev,2026-08-10 10:44:53,0.493,1,khamzatchakhkiev,2026-08-10 18:11:42
1027,16679711,Unikrau,2026-08-08 07:03:34,0.492,2,unikrau,2026-08-10 18:11:42
1028,16688309,Ayansh Paliwal,2026-08-10 13:25:23,0.49,5,ayanshpaliwal,2026-08-10 18:11:42
1029,16690130,Bogdan Basd,2026-08-09 14:27:27,0.487,2,bogdanbasd,2026-08-10 18:11:42
1030,16690902,Youssef Basem,2026-08-08 19:49:55,0.487,1,you55efba5,2026-08-10 18:11:42
1031,16680916,Momotaro YAMADA,2026-08-10 10:36:34,0.482,3,"kenoba,momotaroyamada",2026-08-10 18:11:42
1032,16679757,Brandon O,2026-08-07 13:39:12,0.468,1,mldude,2026-08-10 18:11:42
1,16674959,Brandon Low,2026-08-10 12:46:30,0.942,21,zxkyouma,2026-08-10 18:51:07
2,16679386,Pizza Boy,2026-08-10 00:00:05,0.94,16,pizzaboythe3rd,2026-08-10 18:51:07
3,16687458,JOLEE,2026-08-09 10:56:56,0.938,2,leejung209,2026-08-10 18:51:07
4,16677738,Lukas Nissen Molvær,2026-08-09 18:44:11,0.934,2,lukasnissenmolvr,2026-08-10 18:51:07
5,16687899,rhoskeri,2026-08-10 16:48:50,0.93,1,rhoskeri,2026-08-10 18:51:07
6,16679645,qkrtkddnjs,2026-08-09 05:30:22,0.93,8,qwrfsdr,2026-08-10 18:51:07
7,16669560,Mehmet Özer,2026-08-10 17:04:20,0.928,13,ozermehmet,2026-08-10 18:51:07
8,16674421,all you need is VRAM,2026-08-09 22:30:32,0.928,9,grennwolf,2026-08-10 18:51:07
9,16679132,Ignat,2026-08-10 07:38:24,0.928,11,ignatgotin,2026-08-10 18:51:07
10,16685295,Dominik 🇵🇱,2026-08-10 16:16:47,0.927,11,dudzia,2026-08-10 18:51:07
11,16671004,Aastik Rajan15,2026-08-10 05:19:07,0.927,10,aastikrajan15,2026-08-10 18:51:07
12,16668929,kaggle & graduate trade-off,2026-08-10 04:02:28,0.926,9,"chengtingyi,ggayoayogg,p4rallax",2026-08-10 18:51:07
13,16685131,jcrudy,2026-08-10 05:09:59,0.925,7,jcrudy,2026-08-10 18:51:07
14,16683099,John Park,2026-08-10 02:47:44,0.924,15,sigint,2026-08-10 18:51:07
15,16692318,redblackberry,2026-08-10 11:48:13,0.923,4,redblackberry,2026-08-10 18:51:07
16,16686656,darijan,2026-08-10 17:46:02,0.923,6,darijan,2026-08-10 18:51:07
17,16684062,Raihan,2026-08-10 11:22:18,0.923,3,raihanjs,2026-08-10 18:51:07
18,16686442,Amal Saad Alshehri,2026-08-10 16:21:42,0.923,5,amalalshehri,2026-08-10 18:51:07
19,16680000,Daaky,2026-08-09 23:56:11,0.922,3,akihikowada,2026-08-10 18:51:07
20,16683744,codex rybaka,2026-08-10 13:21:13,0.919,8,yuriplot,2026-08-10 18:51:07
21,16679219,YassY_The_AlchemYst,2026-08-10 11:19:55,0.919,6,yassineelhallaoui,2026-08-10 18:51:07
22,16675117,jimmyYang1016,2026-08-10 12:28:16,0.919,12,jimmyyang1016,2026-08-10 18:51:07
23,16687973,CloseAI,2026-08-10 15:12:44,0.918,5,"devansh26,liaoyixu",2026-08-10 18:51:07
24,16673578,ji-ma,2026-08-09 18:13:47,0.918,8,nkjima,2026-08-10 18:51:07
25,16674635,Sebastian Mondragon,2026-08-10 16:24:56,0.916,3,basmondragon,2026-08-10 18:51:07
26,16672052,James Y,2026-08-08 22:53:30,0.914,3,redoctopusk,2026-08-10 18:51:07
27,16668884,Tony Li,2026-08-10 15:51:13,0.914,18,tonylica,2026-08-10 18:51:07
28,16672669,1c,2026-08-10 01:24:18,0.913,5,rian55,2026-08-10 18:51:07
29,16670829,Subin An,2026-08-10 08:09:35,0.912,16,subinium,2026-08-10 18:51:07
30,16682597,Sida Zuo,2026-08-09 12:13:16,0.911,4,sidazuo,2026-08-10 18:51:07
31,16669009,Roman,2026-08-10 06:54:53,0.911,5,"paulehrlich99,romanvuskov",2026-08-10 18:51:07
32,16682810,Jazztarou,2026-08-09 17:29:41,0.909,3,jazztarou,2026-08-10 18:51:07
33,16670732,Pilkwang Kim,2026-08-10 12:12:01,0.909,8,pilkwang,2026-08-10 18:51:07
34,16669964,bai2ertwo,2026-08-10 14:14:20,0.909,10,bai2ertwo,2026-08-10 18:51:07
35,16670265,Shun Kuraishi,2026-08-10 12:11:52,0.908,8,shunkuraishi,2026-08-10 18:51:07
36,16683273,Andy Xu,2026-08-10 06:07:44,0.907,3,ayzxu8,2026-08-10 18:51:07
37,16682570,Pirhosseinlou,2026-08-10 10:07:46,0.907,3,pirhosseinlou,2026-08-10 18:51:07
38,16672118,SeaGoat,2026-08-09 20:12:21,0.907,4,vbandaru,2026-08-10 18:51:07
39,16677043,prvsiyan,2026-08-10 07:09:56,0.906,17,prvsiyan,2026-08-10 18:51:07
40,16682243,Резван Гатауллин,2026-08-09 11:44:21,0.905,5,rezvangataullin,2026-08-10 18:51:07
41,16687712,Romain Hardy,2026-08-09 22:42:32,0.905,3,romainhardy,2026-08-10 18:51:07
42,16684974,Atharv Sharma,2026-08-09 21:32:13,0.905,1,atharvsharma,2026-08-10 18:51:07
43,16669895,Volkopat,2026-08-09 16:56:04,0.905,8,volkopat,2026-08-10 18:51:07
44,16695475,kluless,2026-08-10 03:48:16,0.905,3,kluless,2026-08-10 18:51:07
45,16689785,D-Rose's Left ACL,2026-08-10 16:15:03,0.905,6,"alantanfeng,ricecakar,willchub",2026-08-10 18:51:07
46,16691239,Tom Aindow,2026-08-10 09:21:38,0.904,5,taindow,2026-08-10 18:51:07
47,16680059,Zhizhou Sha,2026-08-10 12:14:34,0.904,11,zhizhousha,2026-08-10 18:51:07
48,16685446,John A M Beltran,2026-08-10 09:58:15,0.904,3,johnambeltran,2026-08-10 18:51:07
49,16680443,Scott Willis,2026-08-10 05:45:50,0.903,13,scottgwillis,2026-08-10 18:51:07
50,16691894,Aditya #4,2026-08-10 16:38:57,0.903,3,adyprat,2026-08-10 18:51:07
51,16693127,Dylan Hogarth,2026-08-10 17:07:01,0.903,6,dylanhogarth,2026-08-10 18:51:07
52,16680216,JunHwanKwon,2026-08-10 13:08:13,0.903,9,gr0442,2026-08-10 18:51:07
53,16687097,Yash Bishnoi,2026-08-08 22:11:20,0.903,2,yashbishnoi98,2026-08-10 18:51:07
54,16677780,Apoorv Saraogee,2026-08-10 16:21:43,0.903,14,apoorvsara,2026-08-10 18:51:07
55,16670470,Homin Park,2026-08-10 17:00:06,0.903,4,powersimmani,2026-08-10 18:51:07
56,16669175,Tucker Arrants,2026-08-10 15:23:13,0.902,6,tuckerarrants,2026-08-10 18:51:07
57,16679020,Ibrahem-A163,2026-08-10 12:11:33,0.902,11,ibrahema163,2026-08-10 18:51:07
58,16690196,Yusaku Muroya,2026-08-10 09:26:36,0.902,7,ymuroya47,2026-08-10 18:51:07
59,16679304,kevin zhou,2026-08-09 09:22:36,0.902,7,"kevinzhou66,kylahcodes",2026-08-10 18:51:07
60,16689838,t2better,2026-08-10 05:34:31,0.902,8,t2better,2026-08-10 18:51:07
61,16679280,Xie-Eze,2026-08-10 09:25:33,0.902,8,xieeze,2026-08-10 18:51:07
62,16679583,Marcin Jarosz,2026-08-10 15:48:40,0.901,9,mjarosz,2026-08-10 18:51:07
63,16669082,Manan Gupta,2026-08-07 05:29:38,0.901,15,obirdy,2026-08-10 18:51:07
64,16692715,Catalin Butacu,2026-08-10 15:02:50,0.9,9,catalinbutacu,2026-08-10 18:51:07
65,16670707,"Sho Okiyama M.D., Aillis CEO",2026-08-10 13:13:15,0.9,22,shookiyama,2026-08-10 18:51:07
66,16678099,Jack Cole,2026-08-10 16:55:56,0.9,20,jcole75,2026-08-10 18:51:07
67,16672967,xnx,2026-08-10 13:18:15,0.9,12,yuheikoike,2026-08-10 18:51:07
68,16675482,Harri Somakanthan,2026-08-10 09:48:41,0.9,21,harriwashere,2026-08-10 18:51:07
69,16686351,Henrique Viana,2026-08-10 12:15:52,0.9,5,h03v25,2026-08-10 18:51:07
70,16680219,HiroyukiSasaki,2026-08-10 11:16:50,0.9,7,hiroyukisasaki815,2026-08-10 18:51:07
71,16670357,OverfitOracle is all you need,2026-08-10 13:05:27,0.9,12,"alisalmanrana,kimura0415,shiru2",2026-08-10 18:51:07
72,16668917,Filip Strzałka,2026-08-10 05:57:50,0.899,16,snufkin77,2026-08-10 18:51:07
73,16671735,lin xiang sun1145,2026-08-10 13:36:18,0.899,15,linxiangsun1145,2026-08-10 18:51:07
74,16685529,Ehowtan,2026-08-10 13:49:17,0.899,12,ehowtan,2026-08-10 18:51:07
75,16671624,dutzc,2026-08-10 06:34:22,0.899,15,"lntuzhaochen,simanli627,youleme",2026-08-10 18:51:07
76,16683177,Salem Ali,2026-08-10 14:29:59,0.899,16,salemali7,2026-08-10 18:51:07
77,16678239,ASHUTOSH2914,2026-08-10 12:28:26,0.899,8,ashutosh2914,2026-08-10 18:51:07
78,16670359,ömer kiraz,2026-08-10 09:59:19,0.899,15,merkiraz,2026-08-10 18:51:07
79,16694530,Killer Coder,2026-08-10 12:02:14,0.899,10,killercoder,2026-08-10 18:51:07
80,16678722,"Seok, Jeongeum",2026-08-10 15:04:07,0.899,15,seokjeongeum,2026-08-10 18:51:07
81,16693381,souju00,2026-08-10 01:45:22,0.899,6,souju00,2026-08-10 18:51:07
82,16698224,Feng Jiahui,2026-08-10 15:01:09,0.899,3,junipersky,2026-08-10 18:51:07
83,16679396,Ben Pepper,2026-08-10 12:07:24,0.899,13,bhpepper,2026-08-10 18:51:07
84,16674931,Krazy KIller,2026-08-10 05:48:27,0.899,24,"dimaspashaakrilian,nxtirfan",2026-08-10 18:51:07
85,16672645,CuteClaw,2026-08-10 00:09:47,0.899,21,bloodmoonwq,2026-08-10 18:51:07
86,16670897,Surya milenial,2026-08-10 10:15:08,0.899,25,suryamilenial,2026-08-10 18:51:07
87,16670334,Mohamed Amine Aichaoui,2026-08-10 13:28:16,0.899,6,mohamedamineaichaoui,2026-08-10 18:51:07
88,16684460,Abnormal Man,2026-08-10 06:47:21,0.899,9,"aadigupta7686,koushikrudra",2026-08-10 18:51:07
89,16675709,Neko,2026-08-10 12:23:57,0.899,9,ootake,2026-08-10 18:51:07
90,16683880,Yvonne.,2026-08-09 11:12:42,0.899,9,zdawer250,2026-08-10 18:51:07
91,16684817,Adarsh,2026-08-09 11:16:53,0.899,4,"akhilbh10,madarshbb",2026-08-10 18:51:07
92,16670461,Terry Benjamin Jr,2026-08-10 04:38:33,0.899,18,terrybenjaminjr,2026-08-10 18:51:07
93,16676582,yukiZ,2026-08-10 05:10:34,0.899,6,hideyukizushi,2026-08-10 18:51:07
94,16695295,A Aswanth Raj,2026-08-09 12:08:27,0.899,1,aaswanthraj,2026-08-10 18:51:07
95,16695646,kwon yong deuk,2026-08-09 20:50:04,0.899,5,kwonyongdeuk,2026-08-10 18:51:07
96,16694780,hotaq,2026-08-09 12:40:48,0.899,2,chinnaphatkhun,2026-08-10 18:51:07
97,16685211,panda__MB__maximus,2026-08-09 13:28:46,0.899,1,tanishmohokar09,2026-08-10 18:51:07
98,16669515,Shubham Sahu,2026-08-09 14:04:23,0.899,3,shubhamsahu2003,2026-08-10 18:51:07
99,16691211,Enma,2026-08-09 14:40:48,0.899,4,tupakulasivashankar,2026-08-10 18:51:07
100,16673007,Mathurin Ache,2026-08-09 14:42:33,0.899,6,mathurinache,2026-08-10 18:51:07
101,16696293,today,2026-08-09 14:43:29,0.899,1,today55,2026-08-10 18:51:07
102,16671317,StephenNedumpally,2026-08-09 17:53:14,0.899,12,stephennedumpally,2026-08-10 18:51:07
103,16669684,Kumar Abhijeet,2026-08-09 20:29:23,0.899,4,krabhijeet,2026-08-10 18:51:07
104,16675971,Amil Gentili,2026-08-09 20:41:52,0.899,3,agentili,2026-08-10 18:51:07
105,16680145,AM,2026-08-10 01:49:48,0.899,4,adammekky,2026-08-10 18:51:07
106,16681260,daoviet,2026-08-10 04:11:09,0.899,13,daoviet,2026-08-10 18:51:07
107,16677191,Ieshan Meghani,2026-08-10 05:51:40,0.899,5,ieshanmeghani,2026-08-10 18:51:07
108,16682873,生如夏花,2026-08-10 15:03:52,0.899,17,"duoliya,linyeping,sereinovov,wangying2026",2026-08-10 18:51:07
109,16671228,Jeki Wan Taufik,2026-08-10 02:47:27,0.899,8,jek1wantaufik,2026-08-10 18:51:07
110,16691637,Aqib Raza,2026-08-10 03:16:49,0.899,1,aqibrazadev,2026-08-10 18:51:07
111,16678066,Hossein,2026-08-10 03:28:49,0.899,4,tomi85,2026-08-10 18:51:07
112,16698921,Minh Thien,2026-08-10 06:25:39,0.899,1,wolfoo,2026-08-10 18:51:07
113,16675592,Bright O.H.,2026-08-10 07:27:23,0.899,3,brightoh,2026-08-10 18:51:07
114,16671902,Prateek Gupta,2026-08-10 07:46:31,0.899,9,iamprateek,2026-08-10 18:51:07
115,16699397,hamdi mohamed,2026-08-10 08:03:50,0.899,1,hamdimohamed22,2026-08-10 18:51:07
116,16687361,Sakhawat Hossen,2026-08-10 08:46:54,0.899,4,sakhawathossen,2026-08-10 18:51:07
117,16698259,Outlier,2026-08-10 09:13:30,0.899,1,"hyunseop1,jep0805",2026-08-10 18:51:07
118,16697990,Yunus Gümüşsoy,2026-08-10 11:16:48,0.899,2,yunusgmsoy,2026-08-10 18:51:07
119,16697242,Dev Parikh,2026-08-10 11:55:05,0.899,1,molaritydev09,2026-08-10 18:51:07
120,16689280,SELEKTED GUYS,2026-08-10 12:23:50,0.899,2,"hseyinbayolu,yusufaliselek",2026-08-10 18:51:07
121,16673922,Lixin73,2026-08-10 12:27:55,0.899,15,lixin73,2026-08-10 18:51:07
122,16701170,Rishi Arora,2026-08-10 12:36:07,0.899,1,rishiarora0,2026-08-10 18:51:07
123,16669091,Akhilesh godugu,2026-08-10 12:37:53,0.899,20,akhileshgodugu,2026-08-10 18:51:07
124,16700756,NaomiFridman,2026-08-10 12:40:41,0.899,1,ripcurl,2026-08-10 18:51:07
125,16676000,KAIWALYA RAUT,2026-08-10 12:49:42,0.899,5,kaiwalyaatulraut,2026-08-10 18:51:07
126,16675588,patnaik18,2026-08-10 13:03:28,0.899,1,patnaik18,2026-08-10 18:51:07
127,16701321,Kayven,2026-08-10 14:46:55,0.899,3,kayven,2026-08-10 18:51:07
128,16683776,OzanM.,2026-08-10 13:39:03,0.899,11,analyticaobscura,2026-08-10 18:51:07
129,16673118,Calaweh,2026-08-10 13:47:11,0.899,3,likhuiwee,2026-08-10 18:51:07
130,16690132,Vanshika,2026-08-10 14:01:44,0.899,1,crystalbaby,2026-08-10 18:51:07
131,16671192,Kyle Wang,2026-08-10 14:30:34,0.899,22,ky1ewan9,2026-08-10 18:51:07
132,16672513,Jordi Corbilla,2026-08-10 15:43:14,0.899,6,jordicorbilla,2026-08-10 18:51:07
133,16682972,yuki16,2026-08-10 14:41:55,0.899,11,yuki16,2026-08-10 18:51:07
134,16690364,AnyTeam,2026-08-10 14:54:27,0.899,7,"beratkirbiyik,maksutopurolu",2026-08-10 18:51:07
135,16683139,Dhruv Arora,2026-08-10 15:02:47,0.899,3,dhruvarora07,2026-08-10 18:51:07
136,16701949,Braedyn  ,2026-08-10 15:38:06,0.899,1,braedyn123413,2026-08-10 18:51:07
137,16669023,Md. Hamid Hosen,2026-08-10 16:11:08,0.899,9,hosen42,2026-08-10 18:51:07
138,16669002,Baidalin Adilzhan [dsmlkz],2026-08-10 16:46:29,0.899,3,baidalinadilzhan,2026-08-10 18:51:07
139,16692260,Aryavrat Mishra,2026-08-10 17:00:49,0.899,1,aryavratmisrha,2026-08-10 18:51:07
140,16681233,Fususu,2026-08-10 04:30:39,0.899,16,phuongncn,2026-08-10 18:51:07
141,16678140,Varshinir.dcv,2026-08-10 05:14:02,0.899,2,varshinirdcv,2026-08-10 18:51:07
142,16671701,Hồng Bảo Đoàn,2026-08-10 05:51:17,0.899,7,hngboon,2026-08-10 18:51:07
143,16680608,Steven,2026-08-10 11:46:56,0.899,3,stevenpp,2026-08-10 18:51:07
144,16676837,Dennis,2026-08-10 16:30:53,0.899,3,dennisfong,2026-08-10 18:51:07
145,16700679,cyberia,2026-08-10 10:57:43,0.899,1,cyberia,2026-08-10 18:51:07
146,16697840,Daniel solo,2026-08-10 07:24:32,0.899,3,danielsolo1770,2026-08-10 18:51:07
147,16681839,pritom2357,2026-08-10 07:13:09,0.899,3,pritom2357,2026-08-10 18:51:07
148,16684961,Michael Cardoza,2026-08-10 12:37:49,0.899,10,michaelcardoza,2026-08-10 18:51:07
149,16669710,FOYSAL,2026-08-10 03:30:32,0.899,12,foysalemonshanto,2026-08-10 18:51:07
150,16670402,kglctf,2026-08-10 05:56:00,0.899,30,kglctf,2026-08-10 18:51:07
151,16672675,Pavlo Ivanin,2026-08-10 08:20:07,0.899,6,pavloivanin,2026-08-10 18:51:07
152,16668886,Octavi Grau,2026-08-10 10:21:22,0.899,4,octaviograu,2026-08-10 18:51:07
153,16701224,Polarchit,2026-08-10 13:03:22,0.899,1,polarchit,2026-08-10 18:51:07
154,16669187,Knee Knight,2026-08-09 13:28:11,0.899,2,oakaroo,2026-08-10 18:51:07
155,16687713,kingslayer778,2026-08-09 17:45:57,0.899,10,kingslayer778,2026-08-10 18:51:07
156,16669367,Gengsr,2026-08-09 13:59:37,0.899,11,gengsr,2026-08-10 18:51:07
157,16683993,Utomo Abimail,2026-08-09 14:34:08,0.899,6,utomoabimail,2026-08-10 18:51:07
158,16689982,Mitudru Dutta,2026-08-09 14:41:08,0.899,1,mitudru,2026-08-10 18:51:07
159,16682563,Utkarsh Prakash Srivastava,2026-08-09 14:41:43,0.899,5,utkarshps,2026-08-10 18:51:07
160,16693474,Bocen Li,2026-08-09 16:22:45,0.899,2,bocenli,2026-08-10 18:51:07
161,16671966,deepresearcher08,2026-08-10 09:23:45,0.899,3,deepresearcher08,2026-08-10 18:51:07
162,16674749,PavelLiashkov,2026-08-09 16:50:08,0.899,12,bigbag1983,2026-08-10 18:51:07
163,16697049,Jubaer,2026-08-09 17:02:09,0.899,1,jubaer36,2026-08-10 18:51:07
164,16696343,Kelvin Stephan,2026-08-10 00:26:57,0.899,2,kelvinstephan,2026-08-10 18:51:07
165,16670382,github/shepsci/kaggle-skill,2026-08-10 13:01:30,0.899,7,shepscientific,2026-08-10 18:51:07
166,16697091,DR_Mkelvo,2026-08-10 13:24:55,0.899,4,drmkelvo,2026-08-10 18:51:07
167,16669213,Kunal Aarse,2026-08-09 17:46:51,0.899,2,kunalinfinite,2026-08-10 18:51:07
168,16676785,good question,2026-08-09 18:14:48,0.899,4,"cakiki,leakabjesz",2026-08-10 18:51:07
169,16697579,kkkk,2026-08-09 18:31:17,0.899,1,gaopengren,2026-08-10 18:51:07
170,16670373,Emre Cirak,2026-08-09 18:38:52,0.899,10,biohack44,2026-08-10 18:51:07
171,16670471,dataset della mamma,2026-08-09 18:44:37,0.899,14,nicolascayuela9,2026-08-10 18:51:07
172,16682698,Imaad Fazal,2026-08-09 19:06:40,0.899,8,imaadfazal,2026-08-10 18:51:07
173,16697372,wmh0331,2026-08-10 06:46:58,0.899,2,wmh0331,2026-08-10 18:51:07
174,16669302,Lonnie,2026-08-09 19:44:50,0.899,1,lonnieqin,2026-08-10 18:51:07
175,16676800,ShiyiLIN0922,2026-08-09 22:07:02,0.899,12,shiyilin0922,2026-08-10 18:51:07
176,16697671,Ash0666,2026-08-10 13:21:46,0.899,3,ash0666,2026-08-10 18:51:07
177,16697988,Chloe,2026-08-09 21:40:31,0.899,2,baytree1238,2026-08-10 18:51:07
178,16675119,Karim Fadi,2026-08-10 10:24:17,0.899,8,karimfadi,2026-08-10 18:51:07
179,16692467,tomo11111,2026-08-09 21:59:43,0.899,5,tomo11111,2026-08-10 18:51:07
180,16670531,Santiago Maniches,2026-08-09 22:11:51,0.899,1,santmani,2026-08-10 18:51:07
181,16670330,Lamine Yamal,2026-08-09 22:28:41,0.899,7,ermanman,2026-08-10 18:51:07
182,16687845,Adrian Dubois,2026-08-09 23:19:44,0.899,1,adriandubois,2026-08-10 18:51:07
183,16698110,H. Emir Can,2026-08-10 12:10:35,0.899,3,aerospacer,2026-08-10 18:51:07
184,16672442,Loren-wen,2026-08-10 00:25:42,0.899,5,wofusituerte,2026-08-10 18:51:07
185,16692154,ThomasG,2026-08-10 00:48:52,0.899,2,thomasgamet,2026-08-10 18:51:07
186,16671616,Eric Han Wang,2026-08-10 00:56:16,0.899,14,ericwang03,2026-08-10 18:51:07
187,16678059,Sushanth Tiruvaipati,2026-08-10 02:08:15,0.899,22,sushanthtiruvaipati,2026-08-10 18:51:07
188,16695892,Mingkang YAN,2026-08-10 01:53:02,0.899,10,mingkangyan,2026-08-10 18:51:07
189,16694641,Sébastien MATHIEU,2026-08-10 08:19:22,0.899,2,negtitep,2026-08-10 18:51:07
190,16680534,HongyuChen123321,2026-08-10 02:13:56,0.899,2,hongyuchen123321,2026-08-10 18:51:07
191,16698203,write_jade,2026-08-10 10:05:32,0.899,2,writejade,2026-08-10 18:51:07
192,16670756,YERMES AMINE,2026-08-10 07:38:34,0.899,15,yermes,2026-08-10 18:51:07
193,16692434,MiladJalali007,2026-08-10 15:48:59,0.899,9,miladjalali007,2026-08-10 18:51:07
194,16689683,Jang Singh,2026-08-10 16:45:54,0.899,11,jangsingh,2026-08-10 18:51:07
195,16669055,DECEM,2026-08-10 12:01:21,0.899,9,zy1343930734,2026-08-10 18:51:07
196,16677394,Akhyar,2026-08-09 18:00:52,0.899,12,akhyar2612,2026-08-10 18:51:07
197,16675212,Denis Rukavishnikov,2026-08-09 15:00:06,0.898,16,denisrukavishnikov,2026-08-10 18:51:07
198,16693901,Charles Savas,2026-08-10 13:57:06,0.898,2,charlessavas,2026-08-10 18:51:07
199,16676303,Ali Alghaithi,2026-08-10 01:39:04,0.898,18,alioman,2026-08-10 18:51:07
200,16682468,Yash Gandhe,2026-08-09 12:11:07,0.898,7,yashgandhe,2026-08-10 18:51:07
201,16678306,Abdessamed Zetroni,2026-08-09 20:19:20,0.898,7,abdessamedzetroni,2026-08-10 18:51:07
202,16684699,Kun Zhang,2026-08-09 07:36:41,0.897,5,beicicc,2026-08-10 18:51:07
203,16671570,Arunodhayan,2026-08-10 11:05:04,0.897,10,arunodhayan,2026-08-10 18:51:07
204,16670704,john,2026-08-09 12:43:00,0.897,4,jaejohn,2026-08-10 18:51:07
205,16690538,im_justmatthew,2026-08-10 09:14:09,0.897,6,imjustmatthew,2026-08-10 18:51:07
206,16670613,moda,2026-08-09 10:30:59,0.897,2,kouheinoda,2026-08-10 18:51:07
207,16671568,renta.k,2026-08-09 11:02:45,0.897,20,renta0426,2026-08-10 18:51:07
208,16669455,Erfan Mirhosseini,2026-08-09 12:49:43,0.897,11,erfanmirhosseini,2026-08-10 18:51:07
209,16669050,Efthimios,2026-08-09 16:43:34,0.897,6,efthimiosfousekis,2026-08-10 18:51:07
210,16671195,Alissa King,2026-08-09 05:39:44,0.897,2,alissaking,2026-08-10 18:51:07
211,16671772,xsong2020,2026-08-09 06:27:45,0.897,2,xstargate,2026-08-10 18:51:07
212,16671101,Jiachen Li,2026-08-09 08:13:44,0.897,9,llccqq624,2026-08-10 18:51:07
213,16690094,Keredu,2026-08-09 09:06:03,0.897,10,keredu,2026-08-10 18:51:07
214,16695350,Lu Mingming,2026-08-09 11:30:03,0.897,2,mming0430,2026-08-10 18:51:07
215,16695603,pinecone,2026-08-09 12:30:45,0.897,2,kimpinecone,2026-08-10 18:51:07
216,16684558,Jimkom,2026-08-09 19:21:35,0.897,1,jamesmukoma,2026-08-10 18:51:07
217,16680487,NGUYỄN VĂN QUANG TRƯỜNG,2026-08-10 04:48:36,0.897,3,nguynvnquangtrng,2026-08-10 18:51:07
218,16686326,Mursal Gorchuyev,2026-08-10 12:57:18,0.897,2,mursalgorchuyev,2026-08-10 18:51:07
219,16669328,Kita Renji,2026-08-09 09:04:38,0.896,2,champpattara,2026-08-10 18:51:07
220,16693812,WangXuC,2026-08-09 05:15:27,0.896,1,wangxuc,2026-08-10 18:51:07
221,16693874,yeh shibang,2026-08-09 08:30:13,0.896,2,yehshibang,2026-08-10 18:51:07
222,16669480,Kumaran K,2026-08-09 10:58:09,0.896,15,kumarandatascientist,2026-08-10 18:51:07
223,16670630,YT,2026-08-10 14:11:51,0.896,9,"takeharuyoshikawa,yosukeyama",2026-08-10 18:51:07
224,16694263,Toru59er,2026-08-09 07:13:37,0.896,1,toru59er,2026-08-10 18:51:07
225,16680554,MANAS NARKAR,2026-08-09 11:50:06,0.896,11,manasnarkar,2026-08-10 18:51:07
226,16692015,mgt127,2026-08-09 07:33:05,0.896,1,mgt127,2026-08-10 18:51:07
227,16682811,Cam-Luan Truong,2026-08-09 08:58:09,0.896,3,luantruong,2026-08-10 18:51:07
228,16684143,Noooo!!,2026-08-09 07:39:18,0.896,2,surasan092,2026-08-10 18:51:07
229,16682080,Jay Gautam,2026-08-10 06:30:43,0.896,2,jaygautam007,2026-08-10 18:51:07
230,16682705,Keisuke,2026-08-10 12:57:21,0.895,6,kesuke,2026-08-10 18:51:07
231,16668815,Fabian Friedland,2026-08-09 16:18:12,0.895,21,fabotelli,2026-08-10 18:51:07
232,16688222,Ishan Sharma,2026-08-10 04:16:02,0.895,5,ishansharma13,2026-08-10 18:51:07
233,16681693,Osamah Al-Qershi,2026-08-10 12:57:46,0.895,15,osamahalqershi,2026-08-10 18:51:07
234,16668992,Ivan Sabev,2026-08-10 14:44:41,0.894,9,ivansabev,2026-08-10 18:51:07
235,16675349,"Yet, WiaLive !",2026-08-10 03:22:31,0.894,7,yetwialive,2026-08-10 18:51:07
236,16670291,KevlarZanderChi,2026-08-09 00:38:18,0.894,12,kevlarzanderchi,2026-08-10 18:51:07
237,16693172,Ali Baouch,2026-08-09 00:14:56,0.894,1,alibaouch,2026-08-10 18:51:07
238,16682242,Boiled-Sweet-Potato,2026-08-09 01:18:10,0.894,4,boiledsweetpotato,2026-08-10 18:51:07
239,16671196,unknown,2026-08-09 01:31:19,0.894,2,abdullahshafi2021,2026-08-10 18:51:07
240,16678103,HunterBlue,2026-08-09 18:31:58,0.894,4,marianacodebase,2026-08-10 18:51:07
241,16691369,Hafida Belayd,2026-08-10 16:33:17,0.894,6,hafidabelayd,2026-08-10 18:51:07
242,16669681,"One person, One agent",2026-08-10 15:43:06,0.894,10,quan0095,2026-08-10 18:51:07
243,16689769,Blacklions.,2026-08-10 01:10:11,0.894,6,blacklions,2026-08-10 18:51:07
244,16693125,Peng Wang,2026-08-09 07:15:14,0.894,4,pengwang91,2026-08-10 18:51:07
245,16670414,TmT,2026-08-09 21:17:09,0.894,3,tamotamo,2026-08-10 18:51:07
246,16670713,i3,2026-08-09 07:21:14,0.894,8,ishijima,2026-08-10 18:51:07
247,16678668,Imran Ahamed,2026-08-09 03:59:10,0.894,7,immu4989,2026-08-10 18:51:07
248,16680432,Said Mohamed Omary,2026-08-10 13:24:35,0.894,7,saidmohamedomary,2026-08-10 18:51:07
249,16669073,Roman Rozen,2026-08-09 13:17:22,0.894,14,romanrozen,2026-08-10 18:51:07
250,16670990,HumbleHumbert,2026-08-09 04:01:29,0.893,5,humblehumbert,2026-08-10 18:51:07
251,16687719,PRIYANSHU PANDEY,2026-08-10 10:18:19,0.893,5,"harshitb24cs1031,justalazybun",2026-08-10 18:51:07
252,16690477,Dante,2026-08-08 22:31:27,0.893,2,tawaragiyuhei,2026-08-10 18:51:07
253,16688312,Sadidul Islam,2026-08-09 02:40:57,0.893,2,sadidul012,2026-08-10 18:51:07
254,16693062,allisluck,2026-08-09 06:13:40,0.893,1,jackyzqs,2026-08-10 18:51:07
255,16677976,André Luiz Pedroso,2026-08-10 17:56:05,0.893,10,andreluizpedroso,2026-08-10 18:51:07
256,16690518,Aaron Samuel,2026-08-09 18:35:06,0.893,5,aaronmosamuel,2026-08-10 18:51:07
257,16678457,Nikita,2026-08-10 16:09:20,0.893,3,nikitagajbhiye30,2026-08-10 18:51:07
258,16680135,jarryJafery,2026-08-09 20:36:08,0.893,9,sjarry,2026-08-10 18:51:07
259,16669819,MJVinay,2026-08-08 18:27:17,0.893,13,mallajayanthvinay,2026-08-10 18:51:07
260,16692584,Shiva,2026-08-08 19:09:40,0.893,1,shivasai77,2026-08-10 18:51:07
261,16692808,Musab Ahmed,2026-08-08 21:04:34,0.893,1,musabyagoub,2026-08-10 18:51:07
262,16677846,Ahmad MAQSOOD1233,2026-08-10 15:03:37,0.893,2,ahmadmaqsood3e3e3,2026-08-10 18:51:07
263,16677885,Kea Kohv,2026-08-10 11:30:55,0.893,4,keakohv,2026-08-10 18:51:07
264,16682100,Namra Desai,2026-08-10 17:39:41,0.893,7,namra001,2026-08-10 18:51:07
265,16684893,kishizaki-sci,2026-08-08 10:41:17,0.893,2,superstringdev,2026-08-10 18:51:07
266,16691626,Purandhar Ram Choppa,2026-08-10 15:52:47,0.892,5,purandharramchoppa,2026-08-10 18:51:07
267,16691234,DeeperNet,2026-08-10 13:56:14,0.892,3,deepernet,2026-08-10 18:51:07
268,16696281,mikebeth,2026-08-10 15:47:17,0.892,5,miguelbeta,2026-08-10 18:51:07
269,16690092,talha ,2026-08-10 04:57:20,0.891,3,talha5787,2026-08-10 18:51:07
270,16689079,SunaoCool,2026-08-08 06:15:13,0.891,2,yoshikinishita,2026-08-10 18:51:07
271,16678550,Mahimn,2026-08-08 21:38:57,0.891,8,mahimn,2026-08-10 18:51:07
272,16672795,FasterYouChase FasterIRun,2026-08-08 06:18:27,0.891,1,icoguser,2026-08-10 18:51:07
273,16689438,yemaoye,2026-08-08 07:05:04,0.891,1,yemaoye,2026-08-10 18:51:07
274,16671046,Tara Labs,2026-08-10 17:48:42,0.891,13,caoyupeng,2026-08-10 18:51:07
275,16685798,零號軌跡,2026-08-08 07:22:32,0.891,3,y1amadeus,2026-08-10 18:51:07
276,16689537,Grigoryan Sergey,2026-08-08 07:30:28,0.891,2,hertryggr,2026-08-10 18:51:07
277,16689605,Samsay24,2026-08-08 07:47:41,0.891,1,samsay23,2026-08-10 18:51:07
278,16674437,Nf4d1l,2026-08-10 06:42:52,0.891,3,nf4d1l,2026-08-10 18:51:07
279,16684775,yaphanqiii,2026-08-10 06:23:26,0.891,2,yaphanqiii,2026-08-10 18:51:07
280,16690023,Olaf Yunus Laitinen Imanov,2026-08-08 09:24:56,0.891,2,olaflundstrom,2026-08-10 18:51:07
281,16689241,khj1222,2026-08-08 09:22:11,0.891,1,khj1222,2026-08-10 18:51:07
282,16676701,Hari Raman Pokhrel,2026-08-10 00:44:13,0.891,7,hariramanpokhrel,2026-08-10 18:51:07
283,16684626,lingyu07,2026-08-08 09:56:39,0.891,3,lingyu07,2026-08-10 18:51:07
284,16690337,Niclo,2026-08-08 10:08:21,0.891,2,midcarryhz,2026-08-10 18:51:07
285,16680620,Shivam Sharma,2026-08-10 10:36:54,0.891,11,jxm222,2026-08-10 18:51:07
286,16690592,Vishal Maurya,2026-08-08 11:08:38,0.891,2,vishalmaurya0906,2026-08-10 18:51:07
287,16690502,Antonoof,2026-08-08 13:29:07,0.891,2,antonoof,2026-08-10 18:51:07
288,16687970,Zhanpeng.W,2026-08-09 13:25:29,0.891,6,zhanpengw,2026-08-10 18:51:07
289,16678579,Casualty,2026-08-10 13:19:29,0.891,14,"acerolaorionblade,hezeming",2026-08-10 18:51:07
290,16688990,Kyle Goosen,2026-08-09 08:13:10,0.891,4,kylegoosen,2026-08-10 18:51:07
291,16674764,Bharath Varma,2026-08-09 18:20:37,0.891,5,bharath111l,2026-08-10 18:51:07
292,16668994,sukirman,2026-08-08 14:29:44,0.891,3,rakbidb,2026-08-10 18:51:07
293,16684258,Ade Fiqri,2026-08-08 15:54:40,0.891,3,adefiqri12,2026-08-10 18:51:07
294,16669245,Charismatic Pizza Party🍕,2026-08-08 14:54:24,0.891,10,debugendless,2026-08-10 18:51:07
295,16678340,Muhammad Haroon,2026-08-08 15:27:11,0.891,1,har00n,2026-08-10 18:51:07
296,16691767,Mike MacLean,2026-08-08 16:19:03,0.891,1,mikemaclean,2026-08-10 18:51:07
297,16676770,vladee,2026-08-08 17:20:52,0.891,5,vladee,2026-08-10 18:51:07
298,16678328,navazsh fathi,2026-08-08 18:32:30,0.891,8,navazshfathi,2026-08-10 18:51:07
299,16692445,Fedor Bogomolov,2026-08-08 18:46:35,0.891,1,fedorbogomolov,2026-08-10 18:51:07
300,16669746,Aman Atar,2026-08-10 16:21:05,0.891,8,amanatar,2026-08-10 18:51:07
301,16692473,Kavya Bhand,2026-08-09 05:12:17,0.891,2,kavyabhand,2026-08-10 18:51:07
302,16690989,221B Baker's Cyst,2026-08-10 17:42:24,0.891,9,"alexrodrguezr,atoarr",2026-08-10 18:51:07
303,16692297,Chiagoziem Nneke,2026-08-08 21:00:56,0.891,1,chiagoziemnneke,2026-08-10 18:51:07
304,16691392,Random Hero,2026-08-09 19:06:00,0.891,2,raisefamous,2026-08-10 18:51:07
305,16670832,Less,2026-08-08 22:12:43,0.891,1,jiaoyouzhang,2026-08-10 18:51:07
306,16693100,Eyad El Hawary 🇵🇸,2026-08-08 23:29:15,0.891,1,eyadelhawary02,2026-08-10 18:51:07
307,16691727,Leonard,2026-08-09 06:20:39,0.891,2,hunan431102,2026-08-10 18:51:07
308,16677391,Raahim Nawaz,2026-08-09 06:33:06,0.891,1,raahimnawaz,2026-08-10 18:51:07
309,16685851,Furina,2026-08-10 14:21:21,0.891,2,cjlcjlcjl,2026-08-10 18:51:07
310,16691824,pp1985,2026-08-09 07:53:49,0.891,1,ppilania1985,2026-08-10 18:51:07
311,16685594,AbhilashVJ,2026-08-09 08:16:57,0.891,1,abh001,2026-08-10 18:51:07
312,16685932,Agnel Vishal,2026-08-09 08:46:27,0.891,7,agnelvishal,2026-08-10 18:51:07
313,16694823,mango,2026-08-09 14:02:41,0.891,2,mango789,2026-08-10 18:51:07
314,16670307,yasu,2026-08-10 01:00:41,0.891,7,yasutakababa,2026-08-10 18:51:07
315,16676943,Erdousky,2026-08-10 05:48:43,0.891,3,erdousky,2026-08-10 18:51:07
316,16695083,Raiyana Rufaida,2026-08-09 11:28:36,0.891,1,shes1r,2026-08-10 18:51:07
317,16695149,walkrunfly,2026-08-10 10:14:53,0.891,10,walkrunfly,2026-08-10 18:51:07
318,16687653,AdamJonesJohnson,2026-08-09 13:17:16,0.891,1,adamjonesjohnson,2026-08-10 18:51:07
319,16687927,Sagnik Bhadury,2026-08-09 13:46:33,0.891,4,sagnikb,2026-08-10 18:51:07
320,16680711,William Wakefield,2026-08-09 15:45:14,0.891,1,williamcwakefield,2026-08-10 18:51:07
321,16696397,Ahmet Abdullah Gültekin,2026-08-10 18:04:59,0.891,2,abdullahgultekin,2026-08-10 18:51:07
322,16672501,Pranav Magadi,2026-08-09 17:54:35,0.891,4,pranavmagadi,2026-08-10 18:51:07
323,16676951,Aiman Al-Shalfi,2026-08-10 10:19:30,0.891,7,aimanalshalfi,2026-08-10 18:51:07
324,16697897,Yin Li,2026-08-10 02:58:40,0.891,5,kevin250304,2026-08-10 18:51:07
325,16681958,Hikmet Calayır,2026-08-10 09:45:38,0.891,6,hikmetcalayr,2026-08-10 18:51:07
326,16694001,Daniel Petro,2026-08-10 11:22:50,0.891,1,dan512,2026-08-10 18:51:07
327,16680857,SuleimanQ,2026-08-10 15:15:39,0.891,4,suleimanq,2026-08-10 18:51:07
328,16693603,Bernard Boatey,2026-08-10 11:37:29,0.891,3,bernardboatey,2026-08-10 18:51:07
329,16688888,atkaggler,2026-08-09 01:00:30,0.891,1,atkaggler,2026-08-10 18:51:07
330,16678587,Shahzeb Khoso,2026-08-09 01:00:45,0.891,1,shahzebkhoso,2026-08-10 18:51:07
331,16668976,Vineet_Kumar,2026-08-09 05:29:21,0.891,2,vineetk20,2026-08-10 18:51:07
332,16693235,roro128,2026-08-09 09:25:07,0.891,5,roro128,2026-08-10 18:51:07
333,16679023,Mangal Chakraborty,2026-08-10 02:32:09,0.891,6,mangalchakraborty,2026-08-10 18:51:07
334,16697838,Notebook Noobie,2026-08-10 09:51:58,0.891,5,notebooknoobie,2026-08-10 18:51:07
335,16681999,CANOE,2026-08-10 04:35:12,0.891,4,acanoe,2026-08-10 18:51:07
336,16674465,ththjyj,2026-08-09 18:08:27,0.89,6,ththjyj,2026-08-10 18:51:07
337,16670197,suguuuuu,2026-08-10 14:50:57,0.89,5,sugupoko,2026-08-10 18:51:07
338,16670538,Kush Patel,2026-08-10 16:15:04,0.89,13,kushp3690,2026-08-10 18:51:07
339,16672776,dodos72,2026-08-10 11:24:34,0.889,12,"dodos72,dodos722",2026-08-10 18:51:07
340,16691416,TakamaruEX,2026-08-09 13:26:02,0.889,2,takamaruex,2026-08-10 18:51:07
341,16684429,Youssef ARRASSEN SHOW,2026-08-10 16:14:33,0.889,2,youssefarrassenshow,2026-08-10 18:51:07
342,16694307,Zinger,2026-08-10 02:17:33,0.888,2,bechirelloumi,2026-08-10 18:51:07
343,16687886,yuto083,2026-08-10 03:33:33,0.888,7,yuto0712,2026-08-10 18:51:07
344,16680012,Doublej37,2026-08-09 13:40:36,0.887,1,doublej37,2026-08-10 18:51:07
345,16685447,TylerJermann,2026-08-10 16:07:59,0.887,10,tylerjermann,2026-08-10 18:51:07
346,16670805,Paul Bryan Elefante,2026-08-10 03:04:52,0.886,10,heuljax,2026-08-10 18:51:07
347,16675208,ask812,2026-08-08 18:46:48,0.885,7,ask812,2026-08-10 18:51:07
348,16679457,Ercan Gurvit,2026-08-10 15:49:30,0.885,5,ercangurvit,2026-08-10 18:51:07
349,16688272,Nasser,2026-08-09 20:08:11,0.884,1,nchams3,2026-08-10 18:51:07
350,16676783,Khoi Dang,2026-08-09 01:22:28,0.884,4,ngockhoidang,2026-08-10 18:51:07
351,16669380,Mattia Angeli,2026-08-10 16:54:11,0.883,6,mattiaangeli,2026-08-10 18:51:07
352,16674489,Coffeethefifth,2026-08-09 04:33:50,0.883,2,okilireaya,2026-08-10 18:51:07
353,16681579,DEHAI WANG,2026-08-10 07:57:01,0.882,10,dehaiwang,2026-08-10 18:51:07
354,16671808,Vaibhav Gupta,2026-08-09 22:21:16,0.882,17,vaihero,2026-08-10 18:51:07
355,16671662,Hira Norm,2026-08-10 08:28:29,0.881,9,hiranorm,2026-08-10 18:51:07
356,16676462,Alessandro Piccin,2026-08-08 07:02:00,0.881,2,alessandropic,2026-08-10 18:51:07
357,16687295,WeiJun Dou,2026-08-09 16:39:25,0.88,4,wayjunedou,2026-08-10 18:51:07
358,16687336,Awnikant Ajay,2026-08-09 00:41:13,0.88,11,awnikantajay,2026-08-10 18:51:07
359,16679344,Andrei Dorobantu,2026-08-09 00:02:11,0.879,3,andreidorobantu,2026-08-10 18:51:07
360,16668924,Bull,2026-08-08 08:32:42,0.878,1,welshonionman,2026-08-10 18:51:07
361,16678903,Kerem Celik,2026-08-08 13:52:46,0.877,3,keremelik,2026-08-10 18:51:07
362,16691390,Abdallah Higran,2026-08-09 23:56:17,0.876,4,abdallahhigran,2026-08-10 18:51:07
363,16669336,fc,2026-08-10 14:10:25,0.875,14,ngenechen,2026-08-10 18:51:07
364,16682295,Bhaskar Barot,2026-08-10 10:43:13,0.875,6,bhaskarbarot,2026-08-10 18:51:07
365,16685402,infamemconculcemus,2026-08-10 11:04:58,0.874,11,jcgweb,2026-08-10 18:51:07
366,16668808,koooeo,2026-08-10 16:42:56,0.873,2,koooeo,2026-08-10 18:51:07
367,16670673,mizukami,2026-08-10 00:01:26,0.873,20,rumo11,2026-08-10 18:51:07
368,16680914,JYA,2026-08-10 03:13:59,0.872,7,yaojixing,2026-08-10 18:51:07
369,16668807,Nur Srijan,2026-08-09 19:09:32,0.872,13,nursrijan,2026-08-10 18:51:07
370,16696071,khursani,2026-08-10 06:39:51,0.872,3,khursani8,2026-08-10 18:51:07
371,16693099,Liam Price,2026-08-10 02:42:56,0.872,3,liamprice1211,2026-08-10 18:51:07
372,16671686,Myo Min Htet(wnp)🇲🇲,2026-08-09 08:04:32,0.871,8,myominhtet,2026-08-10 18:51:07
373,16672815,Himeno,2026-08-10 06:04:57,0.871,6,lepidon,2026-08-10 18:51:07
374,16687791,Yunusa Hussein Adeiza,2026-08-09 08:29:16,0.871,3,yunusahusseinadeiza,2026-08-10 18:51:07
375,16670603,nnc,2026-08-10 12:36:49,0.871,4,daimarusui3,2026-08-10 18:51:07
376,16684256,Nikunj1375,2026-08-10 04:59:51,0.871,1,nikunj1375,2026-08-10 18:51:07
377,16690945,roberttwill,2026-08-09 03:06:52,0.871,2,roberttwill,2026-08-10 18:51:07
378,16676548,🦵YOKKOISHO🦵,2026-08-10 14:00:59,0.87,15,"shin9915,syamoji141chan",2026-08-10 18:51:07
379,16675504,Eshwar2111,2026-08-10 08:13:19,0.87,1,eshwarb2111,2026-08-10 18:51:07
380,16672111,doncli,2026-08-10 05:36:01,0.869,5,doncli,2026-08-10 18:51:07
381,16671925,Uzumaki Julius,2026-08-09 22:04:38,0.869,5,uzumakijulius,2026-08-10 18:51:07
382,16690655,Matteo Vitali,2026-08-09 12:19:34,0.869,1,matteovitali1004,2026-08-10 18:51:07
383,16680837,imainjob,2026-08-09 11:50:32,0.868,5,imainjob,2026-08-10 18:51:07
384,16687635,Django de Vreng,2026-08-10 09:16:42,0.867,3,djangodevreng,2026-08-10 18:51:07
385,16668841,Ahmed A.,2026-08-10 10:00:35,0.867,3,archie40004,2026-08-10 18:51:07
386,16669271,Pathik Patel,2026-08-10 16:00:59,0.865,7,pathik1511,2026-08-10 18:51:07
387,16674810,Yusuke Hayashi,2026-08-10 08:11:31,0.864,12,yhay81,2026-08-10 18:51:07
388,16671967,MD. Nazmus Sakib Anik,2026-08-10 13:08:58,0.863,8,"beyondlogic,mdmahtabalirafin",2026-08-10 18:51:07
389,16696553,Morpheus0303003,2026-08-10 17:45:53,0.863,2,morpheus0303003,2026-08-10 18:51:07
390,16694867,Killian Monnin,2026-08-10 18:00:08,0.863,1,killianmonnin,2026-08-10 18:51:07
391,16692308,Rob Boyd,2026-08-09 19:15:06,0.862,1,robboyd,2026-08-10 18:51:07
392,16686764,tsuyu122,2026-08-10 13:06:15,0.862,5,tsuyu122,2026-08-10 18:51:07
393,16671152,Tianyu Wang,2026-08-09 14:02:42,0.861,4,kevinwang0305,2026-08-10 18:51:07
394,16669068,The light that shines,2026-08-09 07:22:24,0.86,8,nkosindwandwe,2026-08-10 18:51:07
395,16674460,Ignasi Alemany,2026-08-10 17:31:08,0.86,3,ignasialemany,2026-08-10 18:51:07
396,16674445,stevenleehans,2026-08-09 12:02:04,0.859,12,stevenleehans,2026-08-10 18:51:07
397,16668913,Joseph Adamski,2026-08-10 10:04:37,0.859,9,josephadamski91,2026-08-10 18:51:07
398,16680490,Watcharin Buason,2026-08-10 14:36:40,0.857,6,chawwatcharin,2026-08-10 18:51:07
399,16695080,Alejandro Soto Franco,2026-08-10 18:04:35,0.856,1,alejandrosotofranco,2026-08-10 18:51:07
400,16671031,Rayan Babur,2026-08-08 02:01:44,0.856,2,rayanbabur,2026-08-10 18:51:07
401,16676481,chill,2026-08-10 12:30:00,0.855,2,k256net,2026-08-10 18:51:07
402,16679395,tomplumber,2026-08-10 04:46:08,0.854,6,maxmender,2026-08-10 18:51:07
403,16680091,Billy Peiritsch,2026-08-10 15:18:37,0.854,12,billypeiritsch,2026-08-10 18:51:07
404,16679591,mohit,2026-08-09 04:29:23,0.853,1,mohitvarred,2026-08-10 18:51:07
405,16669416,Abdulsamad,2026-08-10 03:01:08,0.853,20,abdulsamadjod1234,2026-08-10 18:51:07
406,16691816,Dongyong Lee,2026-08-10 08:51:19,0.852,1,shemissmebutidont,2026-08-10 18:51:07
407,16690340,dvv_ram,2026-08-10 01:34:48,0.852,7,ddvram,2026-08-10 18:51:07
408,16670950,Juyong,2026-08-09 14:32:15,0.852,10,kimdoong,2026-08-10 18:51:07
409,16678893,Alejandro Izaguirre,2026-08-10 02:00:24,0.852,3,alejandroizag,2026-08-10 18:51:07
410,16680495,Mike Mordetsky,2026-08-10 16:29:24,0.85,14,mikemordetsky,2026-08-10 18:51:07
411,16675444,Ihor Olkhovatyi,2026-08-10 07:42:28,0.85,2,tylerdurden73,2026-08-10 18:51:07
412,16682350,Murat Yıldırım,2026-08-09 17:56:26,0.85,2,muratyldrm,2026-08-10 18:51:07
413,16690377,X-xuhui,2026-08-10 05:36:22,0.849,1,xxuhui,2026-08-10 18:51:07
414,16687320,kirubel nigusu,2026-08-08 06:32:33,0.848,2,kirubelnigusu,2026-08-10 18:51:07
415,16680392,Anh-Vu Mai-Nguyen,2026-08-09 14:55:19,0.848,3,mainguyenanhvu,2026-08-10 18:51:07
416,16697965,Angel Estrada Quality,2026-08-10 08:23:55,0.848,5,angelestradaquality,2026-08-10 18:51:07
417,16677260,Jerome Tam,2026-08-07 17:35:19,0.848,2,jerometam,2026-08-10 18:51:07
418,16671113,shu01,2026-08-08 03:03:31,0.848,1,shu01jp,2026-08-10 18:51:07
419,16678751,Nake Kahlon,2026-08-10 13:11:37,0.848,3,nakekahlon,2026-08-10 18:51:07
420,16674675,Mathis Champagne,2026-08-10 12:50:13,0.847,4,mathischampagne,2026-08-10 18:51:07
421,16688953,Hawksartelier,2026-08-10 02:16:52,0.846,3,satyapb2002,2026-08-10 18:51:07
422,16668887,mikelou1,2026-08-07 04:22:27,0.845,8,mikelou1,2026-08-10 18:51:07
423,16688459,soul,2026-08-08 02:40:43,0.844,1,soul80,2026-08-10 18:51:07
424,16692846,Lev Neganov,2026-08-10 15:24:43,0.844,4,levoel,2026-08-10 18:51:07
425,16687576,Nicholas Dominic,2026-08-10 01:49:40,0.844,2,nicholasdominic,2026-08-10 18:51:07
426,16670250,Simone di costanzo,2026-08-08 10:21:48,0.843,12,simonedicostanzo,2026-08-10 18:51:07
427,16684942,Joseph Rynkiewicz,2026-08-08 04:46:05,0.843,3,josephrynkiewicz,2026-08-10 18:51:07
428,16676207,Tianxi Liang,2026-08-08 18:28:22,0.843,1,sodiumchloride123,2026-08-10 18:51:07
429,16692891,Shashwat Bajpai,2026-08-09 15:29:28,0.843,5,shashwat1729,2026-08-10 18:51:07
430,16678234,Juan F Rojas,2026-08-10 03:32:34,0.843,8,juanfrojas,2026-08-10 18:51:07
431,16694432,Utkarsh #2,2026-08-09 21:31:01,0.842,4,n0va007,2026-08-10 18:51:07
432,16669222,really?,2026-08-08 08:36:37,0.842,13,udaken10,2026-08-10 18:51:07
433,16680232,Rohit Chaudhari,2026-08-10 03:44:44,0.842,1,rohitchaudhari25,2026-08-10 18:51:07
434,16670013,Sergio Alvarez,2026-08-10 16:23:59,0.842,2,sersasj,2026-08-10 18:51:07
435,16688923,Gio Kim,2026-08-10 00:32:25,0.842,1,yelloworangebananaa,2026-08-10 18:51:07
436,16674071,Narendra Sirvi,2026-08-08 06:00:11,0.842,8,narendras78,2026-08-10 18:51:07
437,16672578,OpPrime,2026-08-09 07:21:55,0.841,3,farshidamira,2026-08-10 18:51:07
438,16684304,mohamed hassan,2026-08-08 17:06:19,0.841,2,mohamed1211,2026-08-10 18:51:07
439,16683526,tz,2026-08-10 07:54:33,0.841,8,elysii,2026-08-10 18:51:07
440,16671559,Arad Hajari,2026-08-07 18:38:16,0.841,9,aradhajari,2026-08-10 18:51:07
441,16685433,Hùng Nguyễn Huy (Hiirooo),2026-08-10 04:31:01,0.841,5,hngnguynhuy,2026-08-10 18:51:07
442,16680997,DiegoSolarte,2026-08-08 18:41:05,0.841,4,diegosolarte,2026-08-10 18:51:07
443,16685449,Nadeem,2026-08-07 21:15:02,0.84,1,nadeembinshajahan,2026-08-10 18:51:07
444,16680533,shehai.lrs,2026-08-08 14:19:20,0.84,1,shehailrs,2026-08-10 18:51:07
445,16675876,Ramcer,2026-08-09 14:38:34,0.839,2,saiduttaabhishekdash,2026-08-10 18:51:07
446,16686229,San Francisco Armory,2026-08-10 15:41:00,0.839,2,"destrxylxnely,diahram,dshhrv",2026-08-10 18:51:07
447,16685662,PPO POO go,2026-08-08 15:07:22,0.839,5,ppopoogo,2026-08-10 18:51:07
448,16669105,Maxim,2026-08-08 07:11:34,0.839,3,ektarr,2026-08-10 18:51:07
449,16682339,guakekuangren,2026-08-09 01:56:02,0.839,5,guakekuangren,2026-08-10 18:51:07
450,16669630,Mawra Musawar,2026-08-08 10:58:38,0.839,7,mawramusawwar,2026-08-10 18:51:07
451,16670601,hikahika,2026-08-10 14:07:31,0.839,10,naganohikaru,2026-08-10 18:51:07
452,16670054,Opalakia,2026-08-07 18:42:32,0.838,2,alexanderchar,2026-08-10 18:51:07
453,16682327,Galaxy1249,2026-08-09 17:35:51,0.837,2,galaxy1249,2026-08-10 18:51:07
454,16680921,Semih Güllüoğlu,2026-08-08 07:48:06,0.837,2,semihgllolu,2026-08-10 18:51:07
455,16677886,Optimal Prime,2026-08-10 15:33:50,0.836,11,caelix,2026-08-10 18:51:07
456,16671068,"Mateus Cruz, Msc.",2026-08-08 13:08:06,0.836,5,matteuscruz,2026-08-10 18:51:07
457,16691249,邓567,2026-08-08 15:45:09,0.836,1,deng567,2026-08-10 18:51:07
458,16681235,morningstar,2026-08-09 05:02:35,0.836,3,bryangasper,2026-08-10 18:51:07
459,16678711,Ravi Banchhiwal,2026-08-09 21:11:14,0.835,3,ravibanchhiwal,2026-08-10 18:51:07
460,16680461,Phạm Vương,2026-08-09 06:40:44,0.835,4,vuongphamqq,2026-08-10 18:51:07
461,16687686,Kerem Tüzün,2026-08-09 19:01:19,0.835,5,keremtzn,2026-08-10 18:51:07
462,16671948,Naresh Meena,2026-08-09 08:51:13,0.834,3,nareshmeena12,2026-08-10 18:51:07
463,16685675,Nguyên Nguyên,2026-08-10 07:30:56,0.833,2,kirito1sasa,2026-08-10 18:51:07
464,16683872,Sergei Martynov,2026-08-08 19:33:06,0.832,1,sergeimartynov,2026-08-10 18:51:07
465,16672330,mekduy,2026-08-07 15:59:19,0.832,1,mekduy,2026-08-10 18:51:07
466,16686524,Andrey Gatsuk,2026-08-07 16:43:39,0.832,1,gatsuk,2026-08-10 18:51:07
467,16675431,Vadim Kurochkin,2026-08-07 18:03:20,0.832,1,vadimkurochkin,2026-08-10 18:51:07
468,16670486,Roy Wei,2026-08-07 18:39:50,0.832,1,renyiwei,2026-08-10 18:51:07
469,16678187,Zain Ali Nasir,2026-08-07 18:40:14,0.832,5,zainalinasir,2026-08-10 18:51:07
470,16677735,MDev,2026-08-09 08:23:22,0.832,3,sarthaksachan,2026-08-10 18:51:07
471,16671514,Oleksii Zhukov,2026-08-07 19:57:19,0.832,2,zhukovoleksiy,2026-08-10 18:51:07
472,16688227,jorge fabian avila,2026-08-08 00:51:21,0.832,1,jorgefabianavila,2026-08-10 18:51:07
473,16671565,RichardZhang73,2026-08-08 03:17:39,0.832,1,richardzhang73,2026-08-10 18:51:07
474,16682132,Subin Vidhu,2026-08-10 02:44:47,0.832,6,subinvidhu,2026-08-10 18:51:07
475,16697793,Arya Arun,2026-08-10 15:41:06,0.831,3,aryaarun07,2026-08-10 18:51:07
476,16678651,rohan024245,2026-08-08 05:50:48,0.831,2,rohan024245,2026-08-10 18:51:07
477,16671449,KV7,2026-08-10 02:48:52,0.831,1,kaveh7777,2026-08-10 18:51:07
478,16672628,N0maD,2026-08-08 10:01:06,0.831,2,thisisn0mad,2026-08-10 18:51:07
479,16670009,Giovanny Rodríguez,2026-08-10 13:18:41,0.83,16,giovannyrodrguez,2026-08-10 18:51:07
480,16688177,Karton4ik,2026-08-09 00:08:25,0.83,1,karton4ik,2026-08-10 18:51:07
481,16671087,tachyon777,2026-08-10 11:38:13,0.83,4,tachyon777,2026-08-10 18:51:07
482,16684958,Anhad Mahajan,2026-08-10 15:48:41,0.83,10,anhadmahajan06,2026-08-10 18:51:07
483,16680241,onthehilluu,2026-08-09 16:34:58,0.829,9,newtohere,2026-08-10 18:51:07
484,16687540,lyambdadelta,2026-08-08 19:57:16,0.829,2,lambdaderta,2026-08-10 18:51:07
485,16679627,Tsingtao Bro,2026-08-09 12:02:30,0.829,2,qiweiyin,2026-08-10 18:51:07
486,16696756,cameronezrajones579,2026-08-10 01:50:46,0.829,1,cameronezrajones579,2026-08-10 18:51:07
487,16680835,Changye Li,2026-08-07 23:39:21,0.828,5,antoinegg1,2026-08-10 18:51:07
488,16675266,RuiKimura4,2026-08-08 22:36:33,0.827,5,ruikimura4,2026-08-10 18:51:07
489,16679296,bhavya shah,2026-08-08 15:53:02,0.827,6,bhavyashah007,2026-08-10 18:51:07
490,16669965,Ammar,2026-08-08 17:40:45,0.826,2,ammarhameed,2026-08-10 18:51:07
491,16686637,Toprak Ergül,2026-08-09 11:41:55,0.826,5,"demirpoyrazelcin,kiddingundead",2026-08-10 18:51:07
492,16692547,Sangeet Sharma,2026-08-09 06:18:55,0.826,1,sangiits,2026-08-10 18:51:07
493,16684255,Jeslin P james,2026-08-10 02:31:03,0.826,1,jeslinpjames,2026-08-10 18:51:07
494,16669226,Francesco Campigotto,2026-08-07 12:29:53,0.826,1,francescocampigotto,2026-08-10 18:51:07
495,16700947,Saurabh Tiwari,2026-08-10 11:46:48,0.825,1,saurabhtiwari13,2026-08-10 18:51:07
496,16685309,YUKRUB,2026-08-08 07:18:07,0.825,1,yukrub,2026-08-10 18:51:07
497,16679472,Niklas L,2026-08-09 02:47:39,0.825,2,niklasdev,2026-08-10 18:51:07
498,16671634,PC Jimmmy,2026-08-10 14:41:13,0.825,13,pcjimmmy,2026-08-10 18:51:07
499,16672978,Seyominaoto,2026-08-10 00:47:27,0.825,12,seyominaoto,2026-08-10 18:51:07
500,16680134,Jewett Turkson,2026-08-07 14:40:49,0.825,1,jewettturkson,2026-08-10 18:51:07
501,16669054,My knee hurts,2026-08-07 11:11:19,0.824,4,"kennethlie16,zoli800",2026-08-10 18:51:07
502,16686120,Qingdong Feng,2026-08-08 04:33:30,0.824,1,qingdongfeng,2026-08-10 18:51:07
503,16683547,ts2coder,2026-08-10 15:45:22,0.824,3,ts2coder,2026-08-10 18:51:07
504,16679067,Malyshev Danil,2026-08-10 10:09:07,0.824,3,malyshevdanil,2026-08-10 18:51:07
505,16679801,XIAODOUZI,2026-08-10 04:31:30,0.824,7,xiaodouzi666,2026-08-10 18:51:07
506,16684986,Kamal Das,2026-08-07 12:38:34,0.824,1,kmldas,2026-08-10 18:51:07
507,16673386,F.A.Nina,2026-08-07 11:21:38,0.823,5,nina2025,2026-08-10 18:51:07
508,16685060,webcainiao,2026-08-07 12:51:39,0.823,2,web3cainiao,2026-08-10 18:51:07
509,16685585,Youssef EL MSIYAH,2026-08-07 19:38:04,0.823,1,youssefelmsiyah,2026-08-10 18:51:07
510,16682134,junseok lee,2026-08-10 04:40:01,0.823,2,jaslee2,2026-08-10 18:51:07
511,16673210,dipz,2026-08-09 13:49:07,0.823,15,xdipzz,2026-08-10 18:51:07
512,16683323,karthiksatya1610,2026-08-10 06:23:20,0.822,13,"chirrashyamprakash,karthiksatya1610",2026-08-10 18:51:07
513,16675360,koulet3011,2026-08-08 07:27:10,0.822,1,koubasho,2026-08-10 18:51:07
514,16687682,iluion,2026-08-08 10:17:34,0.821,1,iluion,2026-08-10 18:51:07
515,16677098,Nuclear Geek,2026-08-08 03:09:48,0.82,4,nucleargeek,2026-08-10 18:51:07
516,16678727,Ak,2026-08-08 19:08:41,0.82,1,abisheksrivastav,2026-08-10 18:51:07
517,16669063,Will,2026-08-09 10:24:24,0.819,6,wguesdon,2026-08-10 18:51:07
518,16679593,HulkBulk,2026-08-10 09:29:28,0.819,2,hulkbulk,2026-08-10 18:51:07
519,16671480,Fernando Rodrigues,2026-08-10 12:35:24,0.819,10,fernandosr85,2026-08-10 18:51:07
520,16677766,Youssef Ouertani,2026-08-07 14:08:44,0.818,1,youssefouertani,2026-08-10 18:51:07
521,16670995,roy214,2026-08-10 14:55:38,0.818,1,phamgianguyen,2026-08-10 18:51:07
522,16678366,Christian Jenei,2026-08-10 15:59:41,0.818,6,christianjenei,2026-08-10 18:51:07
523,16698215,Ali Hasnain,2026-08-10 04:25:09,0.817,5,alihasnain34,2026-08-10 18:51:07
524,16689801,ValkBlox,2026-08-09 16:25:40,0.816,4,valkblox,2026-08-10 18:51:07
525,16678417,Spyros Vythoulkas,2026-08-08 17:54:16,0.816,2,spyrosvythoulkas,2026-08-10 18:51:07
526,16671149,Paritosh Kumar Tripathi,2026-08-08 16:20:44,0.814,1,paritoshtripathi5,2026-08-10 18:51:07
527,16679759,KhanZKhan,2026-08-10 14:34:52,0.813,7,khanzkhan,2026-08-10 18:51:07
528,16671159,zx2,2026-08-10 03:47:25,0.813,3,www051586401319,2026-08-10 18:51:07
529,16674021,this is lsm,2026-08-08 19:55:49,0.813,9,thisislsm,2026-08-10 18:51:07
530,16669614,DhawalModi,2026-08-09 20:25:03,0.812,1,daveconnor,2026-08-10 18:51:07
531,16670744,Ben Hamilton,2026-08-10 11:14:03,0.811,4,kineticaxisstudio,2026-08-10 18:51:07
532,16698261,Saugi Alkaf,2026-08-10 16:23:13,0.811,2,syaugialkaf,2026-08-10 18:51:07
533,16680976,I_luv_magick,2026-08-07 06:46:42,0.81,5,iluvmagick,2026-08-10 18:51:07
534,16671615,and more,2026-08-09 21:59:37,0.81,7,kym2022,2026-08-10 18:51:07
535,16679506,Udit Jain,2026-08-07 00:52:37,0.81,1,iamudit,2026-08-10 18:51:07
536,16671273,tyamanashi,2026-08-07 07:47:23,0.81,4,tyamanashi,2026-08-10 18:51:07
537,16669172,Tim Krige,2026-08-07 10:21:52,0.809,3,timkrige,2026-08-10 18:51:07
538,16682878,ServerlessCreed,2026-08-07 09:39:26,0.809,1,serverlesscreed,2026-08-10 18:51:07
539,16671097,reopon,2026-08-08 01:01:28,0.809,10,reopon,2026-08-10 18:51:07
540,16699545,Nikhil00718,2026-08-10 10:57:35,0.809,1,"nikhil00718,vaishnavi22052006",2026-08-10 18:51:07
541,16676550,Abdul Rosyid,2026-08-06 23:51:08,0.809,1,rosyid001,2026-08-10 18:51:07
542,16675356,Rabeet Ur Rehman,2026-08-10 11:15:41,0.809,4,rabeeturrehman,2026-08-10 18:51:07
543,16680558,Jaisal K Jain,2026-08-07 08:32:06,0.809,2,jaisalkjain,2026-08-10 18:51:07
544,16683810,Gobind Singh 82,2026-08-07 11:59:49,0.809,1,gobindsingh82,2026-08-10 18:51:07
545,16679256,Joaquim  Timóteo,2026-08-10 12:46:13,0.809,3,joaquimcarlostimteo,2026-08-10 18:51:07
546,16669309,петроградка national team 52,2026-08-07 17:41:14,0.808,10,"johnjanson,romantamrazov",2026-08-10 18:51:07
547,16686741,LI LU STUDENT,2026-08-07 18:40:36,0.808,1,lilustudent,2026-08-10 18:51:07
548,16678262,Aryan Kumar,2026-08-06 18:50:58,0.808,1,kumaryan12,2026-08-10 18:51:07
549,16682049,Prashant Kikani,2026-08-07 09:46:46,0.808,1,prashantkikani,2026-08-10 18:51:07
550,16672050,kinjazA,2026-08-10 03:48:40,0.808,2,kinjaza,2026-08-10 18:51:07
551,16681546,VK,2026-08-07 06:27:26,0.808,1,venkatkumar001,2026-08-10 18:51:07
552,16683614,sereinZhi0926,2026-08-07 09:06:45,0.808,1,sereinzhi0926,2026-08-10 18:51:07
553,16676139,NDNam,2026-08-07 02:45:55,0.808,2,namndios,2026-08-10 18:51:07
554,16671655,PyJa,2026-08-07 12:29:45,0.808,10,pixiux,2026-08-10 18:51:07
555,16670977,AmishMittal,2026-08-07 16:33:16,0.808,2,amishm,2026-08-10 18:51:07
556,16693177,SC,2026-08-08 23:54:29,0.808,1,ryosketchbook2007,2026-08-10 18:51:07
557,16670436,Ibad Ur Rahman,2026-08-07 14:25:24,0.808,5,ibadia,2026-08-10 18:51:07
558,16678774,Hasibul Islam Sifat,2026-08-09 18:30:51,0.808,8,aisipu,2026-08-10 18:51:07
559,16676414,LeKimono,2026-08-07 18:09:23,0.808,2,lekimono,2026-08-10 18:51:07
560,16675481,Mykhailo Trushch,2026-08-10 03:07:00,0.808,2,mykhailotrushch,2026-08-10 18:51:07
561,16679746,Mikey Marszewski,2026-08-06 22:33:42,0.807,1,mikeymarszewski,2026-08-10 18:51:07
562,16677831,blackseashark5,2026-08-06 17:44:49,0.807,1,blackseasharkgcvt,2026-08-10 18:51:07
563,16679949,morningduck,2026-08-10 00:21:59,0.807,12,morningduck,2026-08-10 18:51:07
564,16678135,🔥🦫📿🗽,2026-08-09 20:25:42,0.807,2,datafad,2026-08-10 18:51:07
565,16670692,shimosaba,2026-08-10 05:16:41,0.807,1,yutoshimomura,2026-08-10 18:51:07
566,16670000,erenvo,2026-08-09 14:03:02,0.806,9,erenvoo,2026-08-10 18:51:07
567,16670935,hida1211,2026-08-07 00:33:32,0.806,4,hida1211,2026-08-10 18:51:07
568,16681283,Soham,2026-08-10 16:08:16,0.806,7,soham308,2026-08-10 18:51:07
569,16681906,Vikash kumar pandit,2026-08-07 07:36:52,0.806,1,vikash1159pandit,2026-08-10 18:51:07
570,16683900,Junlaii,2026-08-07 09:35:10,0.806,1,junlaii,2026-08-10 18:51:07
571,16675018,ML Clan,2026-08-07 13:47:56,0.805,4,"helloromiro,hubabuba2001,leonidzaporozhets,nazarlukyanov,robertopussini",2026-08-10 18:51:07
572,16680355,SEUNGHA HWANG,2026-08-08 13:07:56,0.805,2,seunghahwang,2026-08-10 18:51:07
573,16676835,DataGeek,2026-08-08 20:06:44,0.804,2,thakurrajanand,2026-08-10 18:51:07
574,16685813,stefanoclss,2026-08-10 16:57:16,0.804,3,stefanoclss,2026-08-10 18:51:07
575,16681383,Haider Niaz,2026-08-08 21:28:14,0.804,1,haiderniaz,2026-08-10 18:51:07
576,16674721,Civitasmass,2026-08-07 21:16:20,0.804,5,godhand,2026-08-10 18:51:07
577,16681535,Lalith,2026-08-08 20:36:46,0.803,3,killula33,2026-08-10 18:51:07
578,16673831,Gabriele Santoro,2026-08-07 11:53:55,0.803,3,gabrielesantoro,2026-08-10 18:51:07
579,16689111,Sonu Jha,2026-08-09 03:25:14,0.801,3,sonujha090,2026-08-10 18:51:07
580,16669780,Gourab Roy,2026-08-08 11:32:28,0.801,6,gourabroy553,2026-08-10 18:51:07
581,16690533,DavidWagihW,2026-08-09 13:32:34,0.798,5,davidwagihw,2026-08-10 18:51:07
582,16670754,Gigrise,2026-08-07 12:57:51,0.797,2,gigrais,2026-08-10 18:51:07
583,16690255,Himmel Maskine,2026-08-10 15:06:28,0.797,3,morpickedfields,2026-08-10 18:51:07
584,16679769,Cihan Atak,2026-08-08 12:40:48,0.796,1,cihanatak,2026-08-10 18:51:07
585,16670143,Sebastian Mateus,2026-08-09 08:50:17,0.796,17,sebastianmateus,2026-08-10 18:51:07
586,16683958,for alll 100,2026-08-10 13:17:56,0.796,3,foralll100,2026-08-10 18:51:07
587,16692043,Maciej Brzeski,2026-08-09 20:27:20,0.795,2,maciejbrzeski,2026-08-10 18:51:07
588,16685619,LogicLab,2026-08-10 12:12:57,0.793,5,logiclab,2026-08-10 18:51:07
589,16691383,ispromashka,2026-08-09 10:39:16,0.793,1,ispromashka,2026-08-10 18:51:07
590,16669543,SeshuRaju 🧘‍♂️,2026-08-08 09:39:16,0.792,1,seshurajup,2026-08-10 18:51:07
591,16669391,Kadir Erturk,2026-08-09 22:33:25,0.792,2,kadirerturk,2026-08-10 18:51:07
592,16678961,Igor Orlachev,2026-08-10 18:11:04,0.792,3,igororlachev,2026-08-10 18:51:07
593,16677769,Jorge Palma,2026-08-10 13:38:55,0.792,11,jorgepalma,2026-08-10 18:51:07
594,16682688,Ivan Urbanovitch,2026-08-09 07:57:11,0.791,4,ivanurbanovitch,2026-08-10 18:51:07
595,16672041,耶✌,2026-08-10 00:00:08,0.79,15,qifeihhh666,2026-08-10 18:51:07
596,16689298,Pieismath,2026-08-10 05:18:13,0.788,2,pieismath,2026-08-10 18:51:07
597,16669533,Karnakbayev Artur,2026-08-07 00:34:02,0.787,10,karnakbaevarthur,2026-08-10 18:51:07
598,16688211,Manu Nicholas Jacob,2026-08-09 16:29:11,0.787,1,manunicholasjacob,2026-08-10 18:51:07
599,16679223,Yuri Freitas,2026-08-08 22:55:45,0.787,3,yuribzfreitas,2026-08-10 18:51:07
600,16678989,Sahil00001,2026-08-09 17:44:07,0.784,4,sahil00001,2026-08-10 18:51:07
601,16692201,Sibusiso Khumalo,2026-08-10 16:13:50,0.783,1,sibusisokhumalo11,2026-08-10 18:51:07
602,16675288,Krizsó Gergely,2026-08-08 20:38:09,0.782,15,lucifer19,2026-08-10 18:51:07
603,16669169,kigasudayooo,2026-08-09 12:04:39,0.781,1,argon1215,2026-08-10 18:51:07
604,16697307,Felix Quek,2026-08-10 12:48:00,0.78,1,felixquek,2026-08-10 18:51:07
605,16688495,Sơn Nguyễn Hoàng,2026-08-10 15:52:40,0.78,3,songod0906,2026-08-10 18:51:07
606,16675617,Hasskeller,2026-08-08 08:12:49,0.78,1,"bladee333,dominikhahn1407",2026-08-10 18:51:07
607,16679183,Igor Burkov,2026-08-07 10:31:32,0.779,1,igorburkov,2026-08-10 18:51:07
608,16689598,Mehul Dahiya,2026-08-10 12:20:35,0.778,1,"mambasg,mehuldahiya",2026-08-10 18:51:07
609,16689734,Mohib,2026-08-10 15:12:12,0.777,3,mohib94,2026-08-10 18:51:07
610,16682628,chaojiwudiwujie,2026-08-10 10:02:13,0.777,4,chaojiwudiwujie,2026-08-10 18:51:07
611,16678427,Daniel Sauer Soria,2026-08-07 23:08:43,0.776,1,danielsauersoria,2026-08-10 18:51:07
612,16678723,Sadam Torres,2026-08-08 21:42:04,0.776,1,sadamtorres,2026-08-10 18:51:07
613,16675484,Rahul Ray,2026-08-09 17:46:39,0.776,6,rahulray5,2026-08-10 18:51:07
614,16672288,Murari Ambati,2026-08-07 00:08:33,0.775,4,murariambati,2026-08-10 18:51:07
615,16669805,Bjørn-Jostein,2026-08-09 11:07:11,0.774,2,bjoernjostein,2026-08-10 18:51:07
616,16687210,Tae,2026-08-10 04:43:32,0.774,1,ponghong2744,2026-08-10 18:51:07
617,16679221,Sunny DaysB,2026-08-09 11:37:41,0.774,6,sunnydaysb,2026-08-10 18:51:07
618,16675174,Bishalroy999,2026-08-09 06:04:25,0.773,5,bishalroy999,2026-08-10 18:51:07
619,16676988,shd15a,2026-08-07 07:27:31,0.773,1,shd15a,2026-08-10 18:51:07
620,16678333,Freeman Hui,2026-08-09 12:48:59,0.773,11,freemanhui,2026-08-10 18:51:07
621,16677068,BHARATH .E,2026-08-07 15:18:44,0.773,4,bharath2230,2026-08-10 18:51:07
622,16685003,Jinpyo Yim,2026-08-10 03:11:34,0.772,1,hukatapo,2026-08-10 18:51:07
623,16683661,Shaffaf Thajudheen,2026-08-09 16:20:10,0.772,7,shaffafthajudheen,2026-08-10 18:51:07
624,16673993,Rokaiya Somapti,2026-08-06 08:33:09,0.772,1,rokaiyasomapti,2026-08-10 18:51:07
625,16674547,TommyPhan4848,2026-08-06 09:24:39,0.772,1,tommyphan4848,2026-08-10 18:51:07
626,16677602,laff trakk,2026-08-06 23:59:17,0.771,1,"ethanbwang888,lrodri22",2026-08-10 18:51:07
627,16674333,Mirza Yasir Abdullah Baig,2026-08-06 14:12:22,0.771,1,myab07,2026-08-10 18:51:07
628,16675379,GMpulas\,2026-08-06 14:09:12,0.771,1,gmpulas,2026-08-10 18:51:07
629,16673364,jmmmy,2026-08-06 14:35:20,0.77,3,jmmmmy,2026-08-10 18:51:07
630,16677161,fouad nouamani,2026-08-06 18:55:24,0.77,1,fouadnouamani,2026-08-10 18:51:07
631,16675183,anyasri,2026-08-10 14:59:36,0.769,2,anyasri,2026-08-10 18:51:07
632,16674591,Jules,2026-08-06 11:05:44,0.769,1,julesvanligtenberg,2026-08-10 18:51:07
633,16680028,Fajri Yanuar Shiddiq Juanda,2026-08-09 03:38:50,0.769,3,fajriyanuar,2026-08-10 18:51:07
634,16670014,Cyrus,2026-08-06 09:51:29,0.769,1,jamalsaeedi,2026-08-10 18:51:07
635,16673813,fle3n,2026-08-06 14:27:54,0.768,3,fleongg,2026-08-10 18:51:07
636,16678650,Михаил,2026-08-07 05:14:37,0.767,1,msingatullin,2026-08-10 18:51:07
637,16678131,Mansour A. S. Ataa,2026-08-09 04:17:49,0.767,2,profmansoor,2026-08-10 18:51:07
638,16691943,Hassan Algizani,2026-08-10 12:02:58,0.766,1,hassanalgizani,2026-08-10 18:51:07
639,16689426,Cihat Emre Çeliker,2026-08-10 11:28:35,0.766,1,celiker,2026-08-10 18:51:07
640,16671080,Akima,2026-08-10 04:05:56,0.766,1,tanakatentyo,2026-08-10 18:51:07
641,16688951,Nicholas Fraser7,2026-08-09 23:31:23,0.766,2,nicholasfraser7,2026-08-10 18:51:07
642,16675990,Agent 33,2026-08-07 08:53:05,0.765,3,agent33,2026-08-10 18:51:07
643,16680206,naladalatejas,2026-08-10 15:23:31,0.764,2,naladalatejas,2026-08-10 18:51:07
644,16683796,ALIREZARE,2026-08-10 14:15:16,0.764,3,alirezare,2026-08-10 18:51:07
645,16688083,Blox Amaze,2026-08-08 19:18:18,0.763,1,bloxamaze,2026-08-10 18:51:07
646,16696152,Blagoje Samardžija,2026-08-10 12:47:36,0.763,1,blagojesamardija,2026-08-10 18:51:07
647,16685217,gabrielep09,2026-08-08 14:58:56,0.762,4,gabrielep09,2026-08-10 18:51:07
648,16685278,Satrio Hanif Wicaksono,2026-08-08 11:17:19,0.762,1,"daffamazhar,satriohanifwicaksono",2026-08-10 18:51:07
649,16668795,(ノ◡ <),2026-08-10 12:24:20,0.761,10,nawfeelrahman1124444,2026-08-10 18:51:07
650,16672846,Tomohiro Kikuchi,2026-08-08 13:44:43,0.76,3,tomohirokikuchi,2026-08-10 18:51:07
651,16684115,Ishank Gupta,2026-08-10 17:03:23,0.759,2,"ishankgpt02,muskanjadoniitmadras",2026-08-10 18:51:07
652,16672897,Skelp,2026-08-09 16:11:42,0.759,3,skelpdev,2026-08-10 18:51:07
653,16671347,Shivam Shinde,2026-08-10 11:42:51,0.759,2,shindeshivam,2026-08-10 18:51:07
654,16676401,FO-SHIZZLE,2026-08-06 19:23:55,0.758,1,mcw0089,2026-08-10 18:51:07
655,16680746,cbjtu,2026-08-10 16:13:58,0.758,10,chenbingjun,2026-08-10 18:51:07
656,16686281,Antoine Matemane Mahirwe,2026-08-10 17:37:28,0.758,9,antoinemah,2026-08-10 18:51:07
657,16676661,This cat is called Fumi,2026-08-09 07:05:59,0.757,3,qwer556617123,2026-08-10 18:51:07
658,16671479,Daniyal Rahman,2026-08-07 21:28:54,0.757,2,daniyalrahman,2026-08-10 18:51:07
659,16672149,soumic 1088,2026-08-08 13:59:20,0.756,6,soumic1088,2026-08-10 18:51:07
660,16686577,SOSyuki,2026-08-10 13:30:37,0.756,4,sosyuki,2026-08-10 18:51:07
661,16676206,Akira Hirohashi,2026-08-06 21:36:28,0.756,1,akirahirohashi,2026-08-10 18:51:07
662,16669000,Sergi Bas,2026-08-07 11:02:48,0.754,4,sergibas,2026-08-10 18:51:07
663,16683676,Nil Lic,2026-08-10 08:58:12,0.751,4,nillic,2026-08-10 18:51:07
664,16668943,dpquoc,2026-08-09 11:29:09,0.75,2,dpquoc,2026-08-10 18:51:07
665,16669029,Zulqar,2026-08-06 09:33:44,0.75,6,johndoe2011,2026-08-10 18:51:07
666,16669572,Danielle Lesin,2026-08-07 13:31:17,0.747,9,ladyfaye,2026-08-10 18:51:07
667,16671009,xl aruol,2026-08-08 08:13:29,0.746,3,xlaruol,2026-08-10 18:51:07
668,16678365,Emil Lambert,2026-08-10 14:14:17,0.745,3,emillambert,2026-08-10 18:51:07
669,16680131,fishface,2026-08-09 06:30:28,0.744,1,fishface,2026-08-10 18:51:07
670,16685150,KALmia,2026-08-08 09:07:22,0.744,2,kalmia2000,2026-08-10 18:51:07
671,16678577,Spyros,2026-08-07 11:15:44,0.743,2,spyrosap,2026-08-10 18:51:07
672,16684560,Sarvesh Talele,2026-08-08 18:12:40,0.743,7,sarveshtalele,2026-08-10 18:51:07
673,16672182,Venkat Balaji S,2026-08-09 10:52:40,0.743,1,dataarthur,2026-08-10 18:51:07
674,16671437,Matulich,2026-08-09 20:21:44,0.743,3,patrickmatulich,2026-08-10 18:51:07
675,16671131,M2Faqir,2026-08-10 00:35:24,0.742,2,m2faqir,2026-08-10 18:51:07
676,16672553,ShelterW,2026-08-10 09:34:11,0.742,2,shelterw,2026-08-10 18:51:07
677,16689587,pwdh2026,2026-08-09 23:24:14,0.741,1,pwdh2026,2026-08-10 18:51:07
678,16672662,Alexey Filimonov,2026-08-06 08:19:06,0.741,1,alexeyfil,2026-08-10 18:51:07
679,16699829,brokenBone,2026-08-10 12:51:32,0.74,2,victorokpe,2026-08-10 18:51:07
680,16670992,🦵🔥🥵,2026-08-06 07:14:26,0.739,1,theonetheonly,2026-08-10 18:51:07
681,16672965,Aleksandr  Larko,2026-08-06 08:21:13,0.739,1,alexxanderlarko,2026-08-10 18:51:07
682,16673117,ygurar,2026-08-06 08:37:03,0.739,1,ygurar,2026-08-10 18:51:07
683,16672837,fakhri faros,2026-08-06 09:23:39,0.739,1,fakhrifarosss,2026-08-10 18:51:07
684,16672411,Vladimir Voitovich,2026-08-06 10:37:23,0.739,1,hitimai,2026-08-10 18:51:07
685,16670379,Gordeev Max,2026-08-06 03:05:50,0.735,2,gordeevmax,2026-08-10 18:51:07
686,16671610,DoubleZs,2026-08-06 03:08:33,0.735,1,zhang051018,2026-08-10 18:51:07
687,16669257,xixi,2026-08-06 03:28:21,0.735,1,huangcarry26,2026-08-10 18:51:07
688,16671383,zihan,2026-08-06 03:35:42,0.735,2,"nale1111,yuepixing",2026-08-10 18:51:07
689,16679539,Yash Katiyar,2026-08-09 21:06:02,0.735,3,yashkatiyar409,2026-08-10 18:51:07
690,16674572,Radu Stefan,2026-08-08 16:12:04,0.735,2,animamundi820,2026-08-10 18:51:07
691,16674796,Claude's Plan,2026-08-10 11:34:50,0.735,4,"bohdankolisnyk,denyspushkaruks",2026-08-10 18:51:07
692,16684608,Abdoulaye DIAW,2026-08-10 10:48:34,0.732,15,abdoulayediaw25,2026-08-10 18:51:07
693,16685297,ET,2026-08-09 17:44:33,0.731,9,etakaya,2026-08-10 18:51:07
694,16674588,Hassan Assad1,2026-08-07 10:45:50,0.731,1,hassanassad1,2026-08-10 18:51:07
695,16671161,Khalis-ux,2026-08-06 10:31:59,0.729,1,khalisux,2026-08-10 18:51:07
696,16679569,小出和見,2026-08-09 08:42:45,0.728,9,kzmk8d,2026-08-10 18:51:07
697,16681129,khalil ayeb,2026-08-08 22:23:56,0.728,8,khalilayeb,2026-08-10 18:51:07
698,16669234,kreininmv,2026-08-10 09:11:32,0.726,3,kreininmv,2026-08-10 18:51:07
699,16689048,arman1o1,2026-08-10 08:14:39,0.726,2,arman1o1,2026-08-10 18:51:07
700,16687154,Jake O'Brien,2026-08-10 08:48:19,0.724,3,jakeobr1en,2026-08-10 18:51:07
701,16671745,Kendamarron,2026-08-09 13:01:21,0.721,3,kazuhirokuriyama,2026-08-10 18:51:07
702,16681967,sven weidenmann,2026-08-08 05:40:11,0.72,2,svenweidenmann,2026-08-10 18:51:07
703,16692681,Roshan S. Chauhan,2026-08-10 06:31:54,0.719,1,vrosenta,2026-08-10 18:51:07
704,16674693,Stefano Billeter,2026-08-10 12:45:44,0.717,8,stefanobilleter,2026-08-10 18:51:07
705,16672347,Aiden Hopkins,2026-08-09 15:58:54,0.714,3,aidenhopkins,2026-08-10 18:51:07
706,16669723,_UwU_,2026-08-09 03:30:08,0.711,2,claudesewitz,2026-08-10 18:51:07
707,16695357,Mahit Chopra,2026-08-09 20:09:15,0.709,3,mahitchopra,2026-08-10 18:51:07
708,16670231,Porch Goose,2026-08-06 11:25:48,0.709,2,jaclyndeem,2026-08-10 18:51:07
709,16676412,Drakus,2026-08-10 13:00:59,0.707,7,drakus74,2026-08-10 18:51:07
710,16685787,cottoncandy,2026-08-08 02:49:32,0.703,3,"cottoncandy1,saaranshpandey",2026-08-10 18:51:07
711,16677862,ASMIT GANGULY,2026-08-09 06:20:19,0.702,1,asmitganguly,2026-08-10 18:51:07
712,16670337,Greedy $$$,2026-08-10 03:57:56,0.698,21,"zaouiyassine,zeinebgahbiche",2026-08-10 18:51:07
713,16672681,Hassan Alghamoudi,2026-08-10 11:25:28,0.696,11,hassanabdulhafid,2026-08-10 18:51:07
714,16688200,LED,2026-08-09 07:17:52,0.696,2,"erikcahyadi,longhuy17,mhpham",2026-08-10 18:51:07
715,16685805,HMarinov,2026-08-09 21:46:43,0.695,2,hmarinov97,2026-08-10 18:51:07
716,16689955,Khawar Ali,2026-08-09 18:49:38,0.695,3,sneakyscientist,2026-08-10 18:51:07
717,16670904,Kentaggle26,2026-08-09 12:17:09,0.694,5,kentaggle26,2026-08-10 18:51:07
718,16674134,Yaxon,2026-08-10 07:44:19,0.693,1,aurax7,2026-08-10 18:51:07
719,16677022,sneha1901,2026-08-10 10:31:19,0.693,4,sneha1901,2026-08-10 18:51:07
720,16678483,Dhiyaa Al Jorf,2026-08-10 10:24:08,0.69,1,dhiyaaaljorf,2026-08-10 18:51:07
721,16678295,dr.procton,2026-08-07 21:18:31,0.689,1,procton,2026-08-10 18:51:07
722,16671360,Saurav,2026-08-09 19:01:32,0.688,3,sauravchat,2026-08-10 18:51:07
723,16670875,Emmanuel Nwankwo,2026-08-06 18:08:55,0.687,1,nwankees,2026-08-10 18:51:07
724,16687132,SurajKumar8642,2026-08-08 11:59:02,0.687,1,surajkumar8642,2026-08-10 18:51:07
725,16678904,Sergey Subbotin,2026-08-10 08:05:02,0.684,1,ssubbotin,2026-08-10 18:51:07
726,16671847,Shirabe,2026-08-09 11:00:20,0.68,2,carlmakt,2026-08-10 18:51:07
727,16670505,Joel De la Cruz Fuertes,2026-08-07 16:58:15,0.679,8,joeldcf,2026-08-10 18:51:07
728,16672539,Luis Umbides,2026-08-07 19:23:01,0.677,1,luisumbides,2026-08-10 18:51:07
729,16672849,rrtopic,2026-08-09 12:06:35,0.676,2,rrtopic,2026-08-10 18:51:07
730,16680046,O. I. Joshua,2026-08-08 08:03:01,0.675,1,ifechuku1,2026-08-10 18:51:07
731,16686648,weimean,2026-08-10 10:50:22,0.674,3,gtwm98,2026-08-10 18:51:07
732,16671121,Arv,2026-08-07 00:04:40,0.673,7,arnavchaturvedi123,2026-08-10 18:51:07
733,16670329,Enrico Ambrosio,2026-08-06 20:09:20,0.673,2,enricoambrosio,2026-08-10 18:51:07
734,16687281,Ho Qi Yuan,2026-08-10 16:46:55,0.672,2,hoqiyuan,2026-08-10 18:51:07
735,16686030,Wissal Ws,2026-08-09 17:43:37,0.672,4,wissalws,2026-08-10 18:51:07
736,16675317,Takayuki Higuchi,2026-08-10 01:08:15,0.671,5,takayukihiguchi,2026-08-10 18:51:07
737,16697740,Pralay Ghosh,2026-08-10 14:08:58,0.67,2,pralayghosh83,2026-08-10 18:51:07
738,16676267,Joseph Elliott,2026-08-08 19:04:25,0.669,6,jwelliott,2026-08-10 18:51:07
739,16671549,harryeps,2026-08-07 20:12:45,0.669,1,harryeps,2026-08-10 18:51:07
740,16681911,syouya tobita,2026-08-09 18:24:11,0.669,1,syouyatobita,2026-08-10 18:51:07
741,16688874,Yusuf Yüksel,2026-08-09 10:14:45,0.667,2,yusufyksel55,2026-08-10 18:51:07
742,16670606,Hanif Noer Rofiq,2026-08-06 11:41:35,0.667,3,hanifnoerrofiq,2026-08-10 18:51:07
743,16678838,Helina Tefera,2026-08-08 22:15:47,0.665,2,helinatefera,2026-08-10 18:51:07
744,16678028,JerryMouse,2026-08-09 16:59:39,0.664,2,lingxd,2026-08-10 18:51:07
745,16687879,Paul Chuyes,2026-08-09 15:15:45,0.662,8,paulchuyes,2026-08-10 18:51:07
746,16677845,IamGRootMSE,2026-08-09 15:13:47,0.661,4,iamgrootmse,2026-08-10 18:51:07
747,16682982,Srikant Shubham,2026-08-09 17:22:53,0.66,9,srikantshubham,2026-08-10 18:51:07
748,16680054,Adithya AK,2026-08-07 11:22:15,0.659,3,adithyaak29,2026-08-10 18:51:07
749,16681034,Tấn Trọng Huỳnh,2026-08-10 13:01:07,0.658,2,tantrong1706,2026-08-10 18:51:07
750,16694341,Jack Way,2026-08-10 12:25:21,0.658,6,jackway05,2026-08-10 18:51:07
751,16681135,RanjithKumar Ragavan,2026-08-10 14:32:39,0.657,7,ranjithragavan07,2026-08-10 18:51:07
752,16684685,fresh time,2026-08-09 16:19:34,0.656,4,freshtime,2026-08-10 18:51:07
753,16688341,João Victor,2026-08-10 00:35:17,0.655,6,jvlegend,2026-08-10 18:51:07
754,16677671,William Alabi,2026-08-08 20:07:42,0.653,4,williamalabi,2026-08-10 18:51:07
755,16675782,Kevin E R MILLE,2026-08-10 06:20:13,0.652,10,kevinermille,2026-08-10 18:51:07
756,16670928,Yohannes Baye,2026-08-10 07:52:15,0.651,3,yohannesbaye,2026-08-10 18:51:07
757,16685163,IamSenso,2026-08-08 16:56:27,0.65,2,iamsenso,2026-08-10 18:51:07
758,16685188,Bhuvanesh Singla,2026-08-07 15:06:25,0.647,1,bhuvaneshsingla,2026-08-10 18:51:07
759,16679108,Vladimir Annenkov,2026-08-07 10:37:21,0.646,1,vladimirannenkovml,2026-08-10 18:51:07
760,16685868,oliver,2026-08-07 17:34:36,0.645,5,oliverlang,2026-08-10 18:51:07
761,16678086,Ariel Alejandro Amadio,2026-08-10 13:02:19,0.644,4,arielalejandroamadio,2026-08-10 18:51:07
762,16678596,Angkon_halder_777,2026-08-10 09:19:58,0.643,2,angkonhalder777,2026-08-10 18:51:07
763,16671755,Tamerlan Omralinov,2026-08-09 15:49:17,0.643,5,tamerlanomralinov,2026-08-10 18:51:07
764,16683494,dataWr3cker,2026-08-08 07:56:19,0.642,2,gourabr0y555,2026-08-10 18:51:07
765,16670888,tereka,2026-08-10 07:13:07,0.64,1,tereka,2026-08-10 18:51:07
766,16683743,DevsXX,2026-08-07 18:09:09,0.64,1,"kartik27s12,krishgos",2026-08-10 18:51:07
767,16684403,Mohammad Shadab Shaikh,2026-08-09 18:30:22,0.64,11,mohammadshadabshaikh,2026-08-10 18:51:07
768,16672197,kif,2026-08-10 03:10:51,0.639,2,echigobran,2026-08-10 18:51:07
769,16690009,Arnab Nandy,2026-08-10 01:06:07,0.637,11,arnabnandy2,2026-08-10 18:51:07
770,16692358,itatchy otcheha,2026-08-10 15:46:35,0.636,1,itatchyotcheha,2026-08-10 18:51:07
771,16691299,Saanvi Belede Naga,2026-08-09 18:08:18,0.635,4,saanvibeledenaga,2026-08-10 18:51:07
772,16671301,Disleve Kanku,2026-08-10 01:00:12,0.634,2,dislevekanku,2026-08-10 18:51:07
773,16691581,Ashiqqq,2026-08-10 14:58:16,0.633,8,ashiqqq,2026-08-10 18:51:07
774,16694655,PISETH SENG,2026-08-10 12:00:30,0.633,3,catejsj,2026-08-10 18:51:07
775,16683607,holamigohello,2026-08-10 17:39:08,0.632,3,holamigohello,2026-08-10 18:51:07
776,16670722,Dhavan Shah,2026-08-05 22:43:35,0.63,1,dhavanshah99,2026-08-10 18:51:07
777,16671191,PARAG VIJAY PAWAR,2026-08-06 02:05:56,0.63,1,paragpawar2008,2026-08-10 18:51:07
778,16675298,Yuki.O,2026-08-10 09:04:03,0.63,5,yukiohkawa,2026-08-10 18:51:07
779,16679561,Vu Duy Kien,2026-08-10 07:30:06,0.627,2,vuduykien,2026-08-10 18:51:07
780,16681109,strike,2026-08-09 05:58:14,0.627,3,nicolia,2026-08-10 18:51:07
781,16690235,Sudipto Event,2026-08-08 18:38:49,0.627,3,sudiptoevent,2026-08-10 18:51:07
782,16669588,Mobzya,2026-08-05 21:08:15,0.625,3,mobzya,2026-08-10 18:51:07
783,16682022,_abu_hanif05,2026-08-10 07:21:22,0.624,11,abuhanif05,2026-08-10 18:51:07
784,16677007,Suryansh Vashisth,2026-08-08 13:40:51,0.622,3,songoku2005,2026-08-10 18:51:07
785,16670261,AnthonyTherrien,2026-08-05 20:16:43,0.621,1,anthonytherrien,2026-08-10 18:51:07
786,16670306,Roland Luethy,2026-08-06 18:05:38,0.621,1,rluethy,2026-08-10 18:51:07
787,16670750,hazy_viper,2026-08-09 07:59:24,0.619,3,ttsuyaogawa,2026-08-10 18:51:07
788,16688280,Luke Stafford,2026-08-09 10:51:48,0.617,3,luketstafford,2026-08-10 18:51:07
789,16682319,ROHAN DAS,2026-08-07 12:08:45,0.617,1,rohankudas,2026-08-10 18:51:07
790,16682538,Adithya Vijayakumar,2026-08-07 15:31:17,0.616,1,adithyavijayakumar,2026-08-10 18:51:07
791,16669730,PRASAD,2026-08-06 17:14:39,0.616,1,sawantprasad036,2026-08-10 18:51:07
792,16670695,Toufiq Musah,2026-08-07 18:42:09,0.614,1,toufiqmusah,2026-08-10 18:51:07
793,16693429,Javier,2026-08-10 03:32:56,0.612,1,javiernavas,2026-08-10 18:51:07
794,16672223,Arthur Kim,2026-08-10 09:17:14,0.611,9,lkntrp,2026-08-10 18:51:07
795,16683896,hyemin9999,2026-08-09 12:05:21,0.611,4,hyemin9999,2026-08-10 18:51:07
796,16689414,Saikat Paul,2026-08-09 09:51:42,0.61,1,bsaikatpaul,2026-08-10 18:51:07
797,16692665,Busya PRIME,2026-08-08 21:30:48,0.609,1,busyaprime,2026-08-10 18:51:07
798,16679667,MeeMee,2026-08-10 15:31:05,0.608,3,yagi46,2026-08-10 18:51:07
799,16673723,Pascal,2026-08-10 02:10:34,0.608,6,pascalledesma,2026-08-10 18:51:07
800,16686367,Chandra Yakkali,2026-08-10 03:57:19,0.604,10,chandrayakkali,2026-08-10 18:51:07
801,16684825,wizard,2026-08-10 13:14:13,0.602,1,manyagupta1337,2026-08-10 18:51:07
802,16675299,HAIM_Matrix,2026-08-08 20:32:33,0.602,2,"dlordsjustified,jezrealmomoh,penieljay,thepatrickchukwu,tochukwufavour",2026-08-10 18:51:07
803,16670764,tensor choko,2026-08-05 23:01:33,0.602,1,tensorchoko,2026-08-10 18:51:07
804,16671282,Richie,2026-08-10 10:47:23,0.6,3,starringo,2026-08-10 18:51:07
805,16689938,Hitarth Pandey,2026-08-09 03:14:35,0.598,1,hitarthpandey,2026-08-10 18:51:07
806,16687814,Vaidehee Dongre ,2026-08-10 00:25:27,0.596,3,vaideheedongre,2026-08-10 18:51:07
807,16680574,BeTitanX,2026-08-09 23:23:49,0.595,8,betitanx,2026-08-10 18:51:07
808,16676812,Aviral Trivedi,2026-08-09 08:52:57,0.593,1,aviral342,2026-08-10 18:51:07
809,16695001,Gunjan Kumar,2026-08-10 17:27:01,0.591,2,gunjank075,2026-08-10 18:51:07
810,16672605,bawr,2026-08-10 11:26:42,0.59,1,bauyrzhaniskakov,2026-08-10 18:51:07
811,16678516,Saivardhan98,2026-08-08 20:20:28,0.589,5,saivardhan98,2026-08-10 18:51:07
812,16669211,Naji,2026-08-07 23:48:40,0.589,9,najiama,2026-08-10 18:51:07
813,16693742,Naisha Gajkandh,2026-08-09 08:22:06,0.589,1,naishagajkandh,2026-08-10 18:51:07
814,16675436,Siva Kumar,2026-08-10 12:32:09,0.587,12,sivapnlr80,2026-08-10 18:51:07
815,16679628,Biraj Thapa,2026-08-07 16:34:01,0.586,2,birajthapa07,2026-08-10 18:51:07
816,16685705,Yusuke Togashi,2026-08-10 16:58:06,0.586,14,yusuketogashi,2026-08-10 18:51:07
817,16692757,Amay Annasamudram,2026-08-10 03:00:17,0.586,6,amayan05,2026-08-10 18:51:07
818,16680548,Raghav Parasher,2026-08-10 11:03:21,0.586,5,raghavparasher,2026-08-10 18:51:07
819,16671178,Chen Nora,2026-08-06 01:33:48,0.585,1,chennora,2026-08-10 18:51:07
820,16683504,SHOKHZOD ABDURAKHIMOV,2026-08-07 10:51:39,0.585,1,shokhzodabdurakhimov,2026-08-10 18:51:07
821,16684481,Vince Zsumbera,2026-08-09 18:12:06,0.585,3,vincezsumbera,2026-08-10 18:51:07
822,16687769,Jose Luis Sabogal U,2026-08-10 04:02:25,0.585,1,joseluissabogal,2026-08-10 18:51:07
823,16672090,josezhang1103,2026-08-09 16:45:07,0.584,3,zhangyufan1103,2026-08-10 18:51:07
824,16682734,Bastina Vlad Andrei,2026-08-07 13:54:40,0.581,4,vladbastina,2026-08-10 18:51:07
825,16679222,James Atteh,2026-08-10 13:20:41,0.58,10,jamesatteh,2026-08-10 18:51:07
826,16670557,Jason Yoon,2026-08-06 02:35:45,0.578,1,jasongyoon,2026-08-10 18:51:07
827,16680334,Alberto Sornoza,2026-08-07 07:03:25,0.578,5,albertosornoza,2026-08-10 18:51:07
828,16669289,lucky cat,2026-08-07 11:39:44,0.575,3,chenjungming,2026-08-10 18:51:07
829,16680556,Sami Almuaigl,2026-08-07 18:09:05,0.574,2,samialmuaigl,2026-08-10 18:51:07
830,16672655,mktdev,2026-08-06 19:18:36,0.572,3,mktdev,2026-08-10 18:51:07
831,16681500,LEONELBC,2026-08-07 23:30:20,0.571,3,"leonelbc,valentinaclaros",2026-08-10 18:51:07
832,16685830,zx samson,2026-08-10 06:07:46,0.571,1,zxsamson,2026-08-10 18:51:07
833,16676997,alann batista,2026-08-07 16:40:52,0.571,8,alannbatista,2026-08-10 18:51:07
834,16686350,migbolivar,2026-08-08 13:19:03,0.569,5,migbolivar,2026-08-10 18:51:07
835,16690460,vijay9666019317,2026-08-09 06:27:10,0.566,1,vijay9666019317,2026-08-10 18:51:07
836,16678335,himanshu chandela,2026-08-07 10:55:12,0.566,4,himanshuchandela,2026-08-10 18:51:07
837,16670010,Mohamed aziz blaidi,2026-08-06 23:48:23,0.565,2,mohamedazizblaidi,2026-08-10 18:51:07
838,16678535,CaMaLabs,2026-08-10 15:29:32,0.564,12,camalabs,2026-08-10 18:51:07
839,16680116,Podila Sai Bhargav,2026-08-07 03:05:56,0.564,1,podilasaibhargav,2026-08-10 18:51:07
840,16693933,paisan,2026-08-10 05:47:39,0.561,1,"prikshitkaajla,swayamkapila",2026-08-10 18:51:07
841,16675247,Mukul Sharma,2026-08-08 12:12:22,0.561,3,mukul0584,2026-08-10 18:51:07
842,16686727,DecoFurkan2,2026-08-08 17:19:29,0.56,3,decofurkan2,2026-08-10 18:51:07
843,16677993,BOSAI,2026-08-08 08:46:49,0.558,1,arthurfranckz,2026-08-10 18:51:07
844,16685544,Mohammad Yaser Hussain,2026-08-08 16:50:24,0.558,1,mohammadyaserhussain,2026-08-10 18:51:07
845,16696768,maximo lorenzo y losada,2026-08-10 14:38:26,0.557,8,maximolorenzoylosada,2026-08-10 18:51:07
846,16677453,Mayank Dhodi,2026-08-10 15:38:12,0.556,1,mayankdhodi,2026-08-10 18:51:07
847,16682802,zlka,2026-08-07 08:07:59,0.556,1,z3lkahmet,2026-08-10 18:51:07
848,16677725,Rakibbhai,2026-08-08 21:25:35,0.553,2,rakibbhai,2026-08-10 18:51:07
849,16690507,Aditya #3,2026-08-09 07:03:01,0.551,2,a0x1ab,2026-08-10 18:51:07
850,16673099,Robin Herz89,2026-08-07 06:56:25,0.55,2,robinherz89,2026-08-10 18:51:07
851,16677826,TABOUT MHAMED,2026-08-09 20:29:32,0.548,3,taboutmhamed,2026-08-10 18:51:07
852,16678387,Ayaan Ghosh,2026-08-07 02:48:14,0.547,2,ayan9001,2026-08-10 18:51:07
853,16695381,Aiden-Kwak,2026-08-09 11:46:30,0.547,1,aidenkwak,2026-08-10 18:51:07
854,16678520,Dr.Eldirdiri Fadol ,2026-08-08 12:46:07,0.546,4,dreldirdirifadol,2026-08-10 18:51:07
855,16678983,hector cardenas,2026-08-09 20:24:57,0.543,4,hectorcardenas,2026-08-10 18:51:07
856,16680296,AlunoPatriota,2026-08-07 02:22:47,0.543,1,alunopatriota,2026-08-10 18:51:07
857,16675109,Ιωάννης Σταμελιάς,2026-08-09 18:32:27,0.542,8,giannhsstamelias,2026-08-10 18:51:07
858,16687394,Preston McCauley,2026-08-08 04:23:13,0.539,2,prestonmccauley,2026-08-10 18:51:07
859,16688971,Parth Mall,2026-08-08 14:04:09,0.538,1,parthmall,2026-08-10 18:51:07
860,16688648,Deepak R L,2026-08-09 03:30:45,0.538,5,deepakrl,2026-08-10 18:51:07
861,16685803,Selim Akl,2026-08-07 16:40:10,0.537,1,selimakl,2026-08-10 18:51:07
862,16669679,Umut Keltek,2026-08-09 23:36:01,0.537,15,umutkeltek,2026-08-10 18:51:07
863,16688191,Adjie Prasetya,2026-08-09 09:15:44,0.536,3,adjieprasetya,2026-08-10 18:51:07
864,16673067,Ashish Kumar Dwivedi,2026-08-10 14:38:48,0.536,4,adpassward709,2026-08-10 18:51:07
865,16670234,Kirill Molostov,2026-08-08 21:09:31,0.535,1,kirillmolostov,2026-08-10 18:51:07
866,16689421,Vimal_ML,2026-08-08 12:52:49,0.535,1,vimalml,2026-08-10 18:51:07
867,16688480,KVNN,2026-08-10 07:45:32,0.534,1,iinaamasum01,2026-08-10 18:51:07
868,16685593,Deekshitha K S,2026-08-08 09:19:41,0.533,5,deekshithakarnati21,2026-08-10 18:51:07
869,16679636,Sarah-J-Dias,2026-08-09 01:32:40,0.533,2,sarahjdias,2026-08-10 18:51:07
870,16673421,sixer srinath,2026-08-08 16:32:17,0.533,7,srinath2495,2026-08-10 18:51:07
871,16670251,febrifahmi,2026-08-09 19:36:04,0.531,5,febrifahmi,2026-08-10 18:51:07
872,16693022,maesaer,2026-08-09 21:33:26,0.529,2,maesaer,2026-08-10 18:51:07
873,16670648,Justin Arndt,2026-08-09 21:54:24,0.528,5,justinarndt,2026-08-10 18:51:07
874,16684659,Alisha Khan,2026-08-07 17:18:17,0.527,2,alishhakhan,2026-08-10 18:51:07
875,16679624,José Veraldo (José Neto),2026-08-09 22:26:57,0.527,5,josveraldojosneto,2026-08-10 18:51:07
876,16680140,Julio Contreras,2026-08-10 10:07:25,0.527,8,juliocontreras,2026-08-10 18:51:07
877,16679414,Pankhuri001,2026-08-09 10:20:53,0.526,1,pankhuri001,2026-08-10 18:51:07
878,16678818,Aaradhy Singhvi,2026-08-09 17:40:20,0.526,2,aaradhysinghvi,2026-08-10 18:51:07
879,16670946,ممدوح,2026-08-10 02:04:43,0.526,12,mamdouhbarkat,2026-08-10 18:51:07
880,16678439,Paarth Bhatnagar,2026-08-10 18:21:39,0.526,1,paarth4772,2026-08-10 18:51:07
881,16690649,Mohamad Orfali,2026-08-09 15:20:35,0.526,1,mohamadorfali,2026-08-10 18:51:07
882,16697772,Zaina El Alim,2026-08-09 21:20:50,0.526,5,zainaelalim,2026-08-10 18:51:07
883,16671513,micheal ehab4,2026-08-09 22:06:21,0.525,1,michealehab4,2026-08-10 18:51:07
884,16683926,sharmamayank221,2026-08-09 07:56:05,0.524,3,sharmamayank221,2026-08-10 18:51:07
885,16695110,Nguyễn Đăng Khoa,2026-08-10 01:03:21,0.524,4,nguynngkhoawedrt,2026-08-10 18:51:07
886,16680535,ianwulalala,2026-08-09 18:10:33,0.523,3,ianwulalala,2026-08-10 18:51:07
887,16675976,Maksim Khotinsky,2026-08-09 20:37:39,0.523,6,assistentus,2026-08-10 18:51:07
888,16683237,RupsaSaha,2026-08-10 09:33:06,0.522,3,rupsajina,2026-08-10 18:51:07
889,16689334,Nihal Vellaramkallingal Sulaiman,2026-08-08 08:21:20,0.52,5,vsnihal,2026-08-10 18:51:07
890,16687063,Marcell Molnar,2026-08-09 10:38:25,0.52,4,marcellmolnar,2026-08-10 18:51:07
891,16688457,Testete,2026-08-09 05:56:59,0.518,3,testeteteste,2026-08-10 18:51:07
892,16687578,Zak Boughlita,2026-08-09 19:05:29,0.518,4,zakboughlita,2026-08-10 18:51:07
893,16686353,Tran duc anh ,2026-08-10 15:25:00,0.518,1,ducanh2,2026-08-10 18:51:07
894,16673047,rsato0731,2026-08-07 12:15:37,0.517,1,rsato0731,2026-08-10 18:51:07
895,16680117,Andrea,2026-08-08 00:16:44,0.517,3,andparr,2026-08-10 18:51:07
896,16679572,ихсан саурыков,2026-08-06 22:50:46,0.516,1,ihsanto,2026-08-10 18:51:07
897,16699190,Vikram Tiwari,2026-08-10 07:06:04,0.515,2,vikramtiwari,2026-08-10 18:51:07
898,16686044,samreen sami,2026-08-09 18:37:07,0.515,2,samreensami,2026-08-10 18:51:07
899,16682944,The Neural Scalpel,2026-08-10 17:17:52,0.514,8,theunknowndev,2026-08-10 18:51:07
900,16671018,Kursat K,2026-08-08 02:49:38,0.514,3,minercoder,2026-08-10 18:51:07
901,16670968,YogaNukko,2026-08-10 06:32:38,0.513,1,takahitomizunobyts,2026-08-10 18:51:07
902,16677074,KiKi,2026-08-07 13:39:47,0.513,4,kingkiller2164,2026-08-10 18:51:07
903,16672422,Iris Nguyen,2026-08-06 10:28:02,0.513,1,irisnguyen2012,2026-08-10 18:51:07
904,16678426,Shub-ways,2026-08-10 06:30:14,0.513,3,meshubhamkr,2026-08-10 18:51:07
905,16689163,David Adekanmi,2026-08-09 16:09:38,0.513,2,davidadekanmi,2026-08-10 18:51:07
906,16682736,Maud Delattre,2026-08-10 16:29:16,0.512,2,mauddelattre,2026-08-10 18:51:07
907,16691184,Frederick K Arthur,2026-08-10 01:01:49,0.512,1,frederickkarthur,2026-08-10 18:51:07
908,16683196,kmn,2026-08-10 12:52:15,0.512,1,kmatsu01,2026-08-10 18:51:07
909,16687409,GOPIKRISHNAN T C,2026-08-10 05:50:34,0.511,2,gopikrishnantc,2026-08-10 18:51:07
910,16678837,Dakota Vannauker,2026-08-06 22:46:39,0.511,5,dakotavannauker,2026-08-10 18:51:07
911,16695911,Chunyi Liu,2026-08-09 14:00:54,0.511,2,cliu238,2026-08-10 18:51:07
912,16701154,Yash Ingole,2026-08-10 13:04:38,0.511,1,reinforcedengineer,2026-08-10 18:51:07
913,16679319,Dimitrios Giannoulis,2026-08-08 13:29:08,0.51,1,plagiagia,2026-08-10 18:51:07
914,16668997,Nimit_45,2026-08-10 11:39:37,0.51,2,nimitmistry,2026-08-10 18:51:07
915,16679824,Harshul Gupta,2026-08-07 02:06:22,0.509,2,harshulgupta77,2026-08-10 18:51:07
916,16687513,SimsallaGrimm,2026-08-07 20:30:19,0.509,1,simsallagrimm,2026-08-10 18:51:07
917,16691006,Chirapathleo Saelim,2026-08-08 16:16:35,0.509,1,chirapathleosaelim,2026-08-10 18:51:07
918,16675181,HRUGWED ZAGADE,2026-08-07 08:11:57,0.508,2,hrugwedzagade,2026-08-10 18:51:07
919,16690081,tam,2026-08-09 07:42:36,0.508,1,tomkake,2026-08-10 18:51:07
920,16688751,easonyanyan,2026-08-08 23:08:18,0.507,2,easonyanyan,2026-08-10 18:51:07
921,16672654,Avik Das,2026-08-06 18:35:18,0.507,2,avikdas567,2026-08-10 18:51:07
922,16677284,Gaddale Jaswanth Rao,2026-08-08 19:57:51,0.506,4,gaddalejaswanthrao,2026-08-10 18:51:07
923,16687614,Ahmed Mobasher,2026-08-10 00:33:06,0.506,1,ahmedmobasher86,2026-08-10 18:51:07
924,16676869,Panagiotis Anagnostou,2026-08-10 11:36:26,0.505,1,panosanag,2026-08-10 18:51:07
925,16678931,Erdem Bozyel,2026-08-07 12:40:43,0.505,1,erdembozyel,2026-08-10 18:51:07
926,16687878,Dawood Azeeza,2026-08-08 18:58:49,0.505,1,dawoodazeeza,2026-08-10 18:51:07
927,16688055,Leumas Haiid,2026-08-10 12:50:34,0.504,3,leumashaiid,2026-08-10 18:51:07
928,16678120,Rilen T. L.,2026-08-09 03:04:39,0.503,2,rilentl,2026-08-10 18:51:07
929,16683279,Rushikesh Gaonkar,2026-08-09 12:46:37,0.503,4,rushikeshgaonkar,2026-08-10 18:51:07
930,16687481,M. Mudassar,2026-08-10 14:27:37,0.503,1,malikgt5,2026-08-10 18:51:07
931,16679327,4Solver,2026-08-08 00:21:16,0.502,6,msfbiolinhares,2026-08-10 18:51:07
932,16676266,José Cachucho,2026-08-07 19:45:45,0.502,2,zecach,2026-08-10 18:51:07
933,16698488,Trịnh Quang Minh,2026-08-10 14:34:09,0.502,1,trnhquangminh140,2026-08-10 18:51:07
934,16676959,Taneti Sanjay,2026-08-10 06:53:31,0.501,2,tanetisanjay,2026-08-10 18:51:07
935,16669624,Ranadeep Saha,2026-08-07 17:35:52,0.501,1,ranadeep02,2026-08-10 18:51:07
936,16669144,bsenst,2026-08-06 07:29:45,0.5,5,bnzn261029,2026-08-10 18:51:07
937,16682395,SHIJIE CHEN,2026-08-08 00:42:20,0.5,4,kagurakurage,2026-08-10 18:51:07
938,16668972,Kapilraj R,2026-08-06 01:59:05,0.5,3,kapilrajr,2026-08-10 18:51:07
939,16669654,Yuki_ARL,2026-08-05 18:08:40,0.5,1,yukiarl,2026-08-10 18:51:07
940,16669994,primal,2026-08-06 01:16:15,0.5,1,primalhost,2026-08-10 18:51:07
941,16672336,Chaitanya Sonaje,2026-08-07 13:02:00,0.5,6,chaitanya205,2026-08-10 18:51:07
942,16673672,Aastha Shayla,2026-08-06 08:30:26,0.5,1,aasthashayla9898,2026-08-10 18:51:07
943,16672755,KjjKjjK3107,2026-08-06 08:50:00,0.5,1,"drashtisingh14,kjjkjjk3107",2026-08-10 18:51:07
944,16674596,Luka Duvanov,2026-08-06 11:36:26,0.5,1,nekkon,2026-08-10 18:51:07
945,16674968,Shyaam Nanthan,2026-08-06 12:01:01,0.5,1,shyaamnanthan,2026-08-10 18:51:07
946,16675102,さめしま,2026-08-06 13:28:25,0.5,2,masahikosameshima,2026-08-10 18:51:07
947,16675584,Tarun227,2026-08-06 14:41:33,0.5,1,tarun227,2026-08-10 18:51:07
948,16677483,Guruguhan Sivakumar,2026-08-06 17:42:33,0.5,1,guruguhansivakumar,2026-08-10 18:51:07
949,16677055,Pes Papankon,2026-08-06 18:34:18,0.5,5,pespapankon,2026-08-10 18:51:07
950,16678228,thAbs,2026-08-06 22:11:32,0.5,1,thiagoabreu,2026-08-10 18:51:07
951,16679712,Santo Paul,2026-08-07 00:47:54,0.5,1,santopaul,2026-08-10 18:51:07
952,16677638,Fratres X AI,2026-08-07 15:23:17,0.5,3,kbean413,2026-08-10 18:51:07
953,16680181,Bedashree Swarupa Das,2026-08-07 12:37:20,0.5,4,ashokkumardasbedashr,2026-08-10 18:51:07
954,16679906,Amey Mestry 4218,2026-08-07 21:40:29,0.5,3,ameymestry4218,2026-08-10 18:51:07
955,16680661,Bhaskar Manepalli,2026-08-07 12:28:29,0.5,5,bhaskarmanepalli,2026-08-10 18:51:07
956,16676871,Floukie,2026-08-07 04:44:20,0.5,2,vantavek,2026-08-10 18:51:07
957,16679921,stunningvn,2026-08-08 05:26:17,0.5,6,dedquoc,2026-08-10 18:51:07
958,16681215,Megha28Deshmukh,2026-08-07 06:25:12,0.5,1,megha28deshmukh,2026-08-10 18:51:07
959,16681145,Chaitanya Jamble,2026-08-07 07:00:25,0.5,4,chaitanyajamble,2026-08-10 18:51:07
960,16682724,Ashikaa Sri Arun,2026-08-07 07:31:17,0.5,1,ashikaasriarun,2026-08-10 18:51:07
961,16678953,Devanshk09,2026-08-07 07:46:08,0.5,1,devanshk09,2026-08-10 18:51:07
962,16674614,hyx0618,2026-08-09 15:56:24,0.5,2,hyx0618,2026-08-10 18:51:07
963,16682590,yunchuan liu,2026-08-10 00:41:51,0.5,2,hoteye,2026-08-10 18:51:07
964,16684301,qpoch,2026-08-07 11:29:36,0.5,1,qpochlabs,2026-08-10 18:51:07
965,16676920,SiddarthNayak50,2026-08-07 14:00:24,0.5,2,siddarthnayak50,2026-08-10 18:51:07
966,16685230,Vaibhav Tyagi,2026-08-07 13:52:28,0.5,1,vaibhavattri,2026-08-10 18:51:07
967,16671187,kitakuriya315,2026-08-10 00:55:15,0.5,3,kitakuriya315,2026-08-10 18:51:07
968,16678740,Yinan Zhu,2026-08-10 01:50:42,0.5,2,yinan08,2026-08-10 18:51:07
969,16686854,YASH FIRAKE,2026-08-07 18:42:07,0.5,1,yashfirake,2026-08-10 18:51:07
970,16686202,Amit Ajit Kumar,2026-08-08 18:12:13,0.5,5,amitajitkumar,2026-08-10 18:51:07
971,16687339,Panchal Preet,2026-08-07 20:15:19,0.5,1,panchalpreet,2026-08-10 18:51:07
972,16687108,Anshum Bansode,2026-08-07 20:33:55,0.5,2,anshumbansode,2026-08-10 18:51:07
973,16687679,Lucca Nanoia,2026-08-07 21:25:36,0.5,1,luccananoia,2026-08-10 18:51:07
974,16687741,Andreas @ Tenki Labs,2026-08-07 21:25:53,0.5,1,andreasgronbeck,2026-08-10 18:51:07
975,16685221,Cheng Ting Lin,2026-08-08 11:35:37,0.5,2,chengtinglin,2026-08-10 18:51:07
976,16670369,rkd,2026-08-08 00:19:45,0.5,1,ryookd,2026-08-10 18:51:07
977,16678603,quantcrypto3,2026-08-08 01:17:35,0.5,1,quantcrypto3,2026-08-10 18:51:07
978,16677255,Celaris,2026-08-08 02:11:53,0.5,1,danilopedroso,2026-08-10 18:51:07
979,16674564,g0bsters,2026-08-08 07:13:16,0.5,1,g0bsters,2026-08-10 18:51:07
980,16682461,willyp74,2026-08-08 08:16:27,0.5,1,willyp74,2026-08-10 18:51:07
981,16684781,Aman Gupta,2026-08-08 12:04:34,0.5,2,amanguptanit,2026-08-10 18:51:07
982,16687017,ADITYA RAJ #2,2026-08-09 00:04:15,0.5,6,adityaraj0612,2026-08-10 18:51:07
983,16684064,Shoroogh Ahmadi,2026-08-08 11:23:20,0.5,1,shorooghahmadi,2026-08-10 18:51:07
984,16678235,Yuvraj Bhatkariya,2026-08-08 12:36:19,0.5,2,yuvrajbhatkariya,2026-08-10 18:51:07
985,16688902,Lewisely,2026-08-08 12:43:55,0.5,1,lewisely,2026-08-10 18:51:07
986,16675199,minerppdy,2026-08-09 13:05:09,0.5,3,minerppdy,2026-08-10 18:51:07
987,16683276,Keshav Joshi,2026-08-08 17:10:47,0.5,4,keshavjoshi22,2026-08-10 18:51:07
988,16675162,Denise Munchen Brandao,2026-08-08 14:41:04,0.5,1,denisemunchenbrandao,2026-08-10 18:51:07
989,16691341,xiaozhan han,2026-08-08 15:02:03,0.5,1,xiaozhanhan,2026-08-10 18:51:07
990,16690285,Abiram Bharathi S.A,2026-08-10 05:09:51,0.5,7,abirambharathisa,2026-08-10 18:51:07
991,16684791,Frank Westerhoff,2026-08-08 15:40:37,0.5,1,frankwesterhoff,2026-08-10 18:51:07
992,16672183,mahdi,2026-08-08 16:35:06,0.5,1,mbonyani,2026-08-10 18:51:07
993,16686562,Vijay Kumar 229,2026-08-08 18:31:47,0.5,2,vijaykumar229,2026-08-10 18:51:07
994,16676896,Yunus Emre Sarıduman,2026-08-10 11:36:08,0.5,6,emresariduman,2026-08-10 18:51:07
995,16689329,Annice Najafi,2026-08-08 18:06:18,0.5,1,annicenajafi,2026-08-10 18:51:07
996,16691658,Ravindra Chauhan50,2026-08-08 18:08:17,0.5,1,ravindrachauhan50,2026-08-10 18:51:07
997,16692613,EKMorris,2026-08-10 17:35:36,0.5,8,hdraider,2026-08-10 18:51:07
998,16688930,Ahmad Zulfiqar,2026-08-10 10:58:00,0.5,5,ahmadzulfiqar001,2026-08-10 18:51:07
999,16693167,zulfikar isiklar,2026-08-08 23:54:41,0.5,1,zulfikarisiklar,2026-08-10 18:51:07
1000,16693163,Yağızhan Keskin,2026-08-09 00:07:16,0.5,1,yazhankeskin,2026-08-10 18:51:07
1001,16679251,Fernando Faria,2026-08-09 00:22:33,0.5,1,fernandoadefaria,2026-08-10 18:51:07
1002,16676832,Kunal Desale,2026-08-09 02:46:28,0.5,1,kunaldesale2408,2026-08-10 18:51:07
1003,16685468,Kandregula V S S V P Krishna Murthy,2026-08-10 14:58:48,0.5,2,kkandregula,2026-08-10 18:51:07
1004,16676088,Krishnapatham,2026-08-09 07:38:58,0.5,1,krishnapatham,2026-08-10 18:51:07
1005,16669793,Adrián Caderno,2026-08-09 11:11:37,0.5,1,adriancaderno,2026-08-10 18:51:07
1006,16690992,IqraM,2026-08-09 12:19:49,0.5,1,iqram2000,2026-08-10 18:51:07
1007,16695579,Nikitas Rafael Nikitas,2026-08-09 13:42:59,0.5,1,rafanikitas,2026-08-10 18:51:07
1008,16691137,Diego Cheib Hirsch,2026-08-09 18:10:34,0.5,1,diegocheibhirsch,2026-08-10 18:51:07
1009,16696209,Scio,2026-08-09 19:44:17,0.5,1,siamrahman29,2026-08-10 18:51:07
1010,16693091,Djordje,2026-08-09 21:59:23,0.5,2,djordjelazic,2026-08-10 18:51:07
1011,16697943,Ferhat Ersoy,2026-08-09 21:22:12,0.5,1,ferhatersoy,2026-08-10 18:51:07
1012,16679642,Nathan Humphrey,2026-08-09 21:31:24,0.5,1,goodluckhavefun4,2026-08-10 18:51:07
1013,16697848,Yuki Sahashi,2026-08-10 00:34:30,0.5,1,mourinho384,2026-08-10 18:51:07
1014,16698274,Ahnaf Atef Choudhury,2026-08-10 02:38:21,0.5,1,ahnafatefchoudhury,2026-08-10 18:51:07
1015,16693958,Yong Ming-Jia,2026-08-10 03:10:05,0.5,1,ymingj,2026-08-10 18:51:07
1016,16697470,Galiveeti Poornima,2026-08-10 07:51:48,0.5,2,galiveetipoornima,2026-08-10 18:51:07
1017,16686057,Saminon,2026-08-10 05:34:07,0.5,1,saminon,2026-08-10 18:51:07
1018,16698687,Amr,2026-08-10 05:42:26,0.5,1,elshahed,2026-08-10 18:51:07
1019,16699398,Dariush Afshar,2026-08-10 06:50:31,0.5,1,dariushafshar,2026-08-10 18:51:07
1020,16698630,Sophie555,2026-08-10 07:29:13,0.5,2,sophie555,2026-08-10 18:51:07
1021,16694593,shehab ahmed,2026-08-10 09:14:31,0.5,1,shehabahmed74,2026-08-10 18:51:07
1022,16700901,Yuminosuke Sato,2026-08-10 12:47:08,0.5,1,yuminosukesato,2026-08-10 18:51:07
1023,16692948,Jon Blanchard,2026-08-10 15:12:02,0.5,1,jonblanchard,2026-08-10 18:51:07
1024,16701993,yoonick,2026-08-10 15:47:13,0.5,1,yoonick,2026-08-10 18:51:07
1025,16691294,chee sin,2026-08-10 16:36:00,0.5,1,cheesinnn,2026-08-10 18:51:07
1026,16702164,Ragheb haddara,2026-08-10 17:46:30,0.5,1,l4r3nn,2026-08-10 18:51:07
1027,16685646,suminshim,2026-08-10 18:07:19,0.5,1,suminshim,2026-08-10 18:51:07
1028,16683262,PEDRO GOMEZ TEJERINA,2026-08-10 09:27:34,0.498,1,pedrogomeztejerina,2026-08-10 18:51:07
1029,16675681,Luis Enrique Dalmau,2026-08-08 06:44:16,0.498,1,luisenriquedalmau,2026-08-10 18:51:07
1030,16691795,ayo paul,2026-08-10 11:59:19,0.498,2,ayopaul,2026-08-10 18:51:07
1031,16686129,Musa,2026-08-10 10:37:41,0.497,3,zlatmusa,2026-08-10 18:51:07
1032,16683274,⬇️↘️↔️↗️⬆️☑️,2026-08-09 17:58:21,0.497,3,ridhamostefa,2026-08-10 18:51:07
1033,16686347,Parikshit Sen,2026-08-10 05:34:55,0.497,6,parikshitsen,2026-08-10 18:51:07
1034,16676870,noril09,2026-08-07 17:25:05,0.496,1,noril09,2026-08-10 18:51:07
1035,16697864,Khamzat Chakhkiev,2026-08-10 10:44:53,0.493,1,khamzatchakhkiev,2026-08-10 18:51:07
1036,16679711,Unikrau,2026-08-08 07:03:34,0.492,2,unikrau,2026-08-10 18:51:07
1037,16688309,Ayansh Paliwal,2026-08-10 13:25:23,0.49,5,ayanshpaliwal,2026-08-10 18:51:07
1038,16690130,Bogdan Basd,2026-08-09 14:27:27,0.487,2,bogdanbasd,2026-08-10 18:51:07
1039,16690902,Youssef Basem,2026-08-08 19:49:55,0.487,1,you55efba5,2026-08-10 18:51:07
1040,16680916,Momotaro YAMADA,2026-08-10 10:36:34,0.482,3,"kenoba,momotaroyamada",2026-08-10 18:51:07
1041,16679757,Brandon O,2026-08-07 13:39:12,0.468,1,mldude,2026-08-10 18:51:07
